length,multiplicity,first_sorted_step,padded,area_under_entropy_curve,halfway_information_removed,maximum_step_gain,gain_unevenness,normalized_gain_entropy,curvature,stall_fraction,curve_1,curve_2,curve_3,curve_4,curve_5,curve_6,curve_7,trajectory_pc1,trajectory_pc2
5,12,5,False,0.49303905106798274,0.5089100146329772,0.21810429198553158,0.028157501742230005,0.9933959347173718,0.08383894895297178,0.0,0.8636848175090087,0.7273696350180515,0.5910544525270944,0.4910899853670227,0.3911255182069511,0.25481033571599376,0.1251776641997568,3.4819350816708874,4.385914333086866
6,12,6,False,0.5404709269825445,0.4362085839710971,0.21810429198553158,0.07884325996890867,0.8923123370353191,0.3316114452946681,0.16666666666666666,0.8364217810108173,0.7818957080144344,0.7273696350180515,0.5637914160289029,0.4547392700360825,0.30933640871237655,0.15021319703970806,5.139403965909442,4.1446478158227045
6,24,6,False,0.4930339178842743,0.47255929930209173,0.2181042919855315,0.03634070058601186,0.986417062787778,0.1944490072742192,0.0,0.8364217810108173,0.7091942773525542,0.6092298101924826,0.5274407006979083,0.3772275036582,0.2520498394583887,0.13270743070386004,3.2111977448480102,3.172597141290935
6,24,6,False,0.4994653321103761,0.47255929930209173,0.21810429198553155,0.04745667631973134,0.9766865946598269,0.2548103357159939,0.0,0.8364217810108173,0.7091942773525542,0.6092298101924826,0.5274407006979083,0.3772275036582,0.2726303649819144,0.1635782189891486,3.405750154112221,2.934892845205759
6,24,6,False,0.4948941147141766,0.47255929930209173,0.2181042919855315,0.03419339958285576,0.9878704273492136,0.16468585799578217,0.0,0.8364217810108173,0.7091942773525542,0.6092298101924826,0.5274407006979083,0.38615644844173114,0.2580024693140761,0.13270743070386004,3.278626961130923,3.1332981278552747
6,24,6,False,0.4985411493674783,0.47255929930209173,0.2181042919855315,0.038290097211950216,0.9849204918456922,0.199814765077883,0.0,0.8364217810108173,0.7091942773525542,0.6092298101924826,0.5274407006979083,0.38615644844173114,0.2696729802046415,0.15021319703970806,3.3889509666335162,2.998504165814554
6,24,6,False,0.49807314232397604,0.47255929930209173,0.21810429198553155,0.05049315543628644,0.9733456628626833,0.2726303649819143,0.0,0.8364217810108173,0.7091942773525542,0.6092298101924826,0.5274407006979083,0.37054499268347985,0.26817535766543427,0.1635782189891486,3.3552854588149175,2.964304617251192
6,24,6,False,0.486146327958777,0.47255929930209173,0.2181042919855315,0.03860461695409083,0.9847851440976148,0.20746190599266365,0.0,0.8364217810108173,0.7091942773525542,0.6092298101924826,0.5274407006979083,0.37054499268347985,0.23000955169679732,0.10632951003619322,2.994495376257459,3.4051182413701575
6,96,6,False,0.4759278959979908,0.5637914160289369,0.2181042919855315,0.03634070058601188,0.9864170627877782,0.18758883209971078,0.0,0.8364217810108173,0.7091942773525542,0.5864217810107714,0.4362085839710631,0.3544194744764888,0.2520498394583887,0.13270743070386004,2.4985117745814107,2.9588475813276793
6,48,6,False,0.4823593102240926,0.5637914160289369,0.21810429198553155,0.04745667631973136,0.9766865946598269,0.21845962038499933,0.0,0.8364217810108173,0.7091942773525542,0.5864217810107714,0.4362085839710631,0.3544194744764888,0.2726303649819144,0.1635782189891486,2.6930641838456215,2.721143285242504
6,48,6,False,0.4855057898992153,0.5226303649818855,0.2181042919855315,0.026094041948406026,0.993439625443331,0.10254409404914422,0.0,0.8364217810108173,0.7091942773525542,0.5967120437725342,0.4773696350181145,0.37363868202178274,0.2580024693140761,0.13270743070386004,2.8874824025416546,3.0159856216904593
6,48,6,False,0.48915282455251696,0.5226303649818855,0.2181042919855315,0.031270465213567425,0.9904896899398097,0.12004986038499224,0.0,0.8364217810108173,0.7091942773525542,0.5967120437725342,0.4773696350181145,0.37363868202178274,0.2696729802046415,0.15021319703970806,2.9978064080442475,2.8811916596497387
6,48,6,False,0.4875307619377902,0.5226303649818855,0.2181042919855315,0.02897834885988015,0.9916590180544308,0.12198382561946364,0.0,0.8364217810108173,0.7091942773525542,0.5967120437725342,0.4773696350181145,0.38335854780694245,0.26448237983751594,0.13270743070386004,2.9608844615931647,2.9732055233312056
6,24,6,False,0.4886848175090147,0.5226303649818855,0.21810429198553155,0.041398730332454316,0.9822903244063698,0.16117305113122904,0.0,0.8364217810108173,0.7091942773525542,0.5967120437725342,0.4773696350181145,0.3580272262635314,0.26817535766543427,0.1635782189891486,2.964140900225649,2.8469921110863767
6,24,6,False,0.47675800314381567,0.5226303649818855,0.2181042919855315,0.0255853977377403,0.9937298056413012,0.08831959092638338,0.0,0.8364217810108173,0.7091942773525542,0.5967120437725342,0.4773696350181145,0.3580272262635314,0.23000955169679732,0.10632951003619322,2.6033508176681903,3.287805735205342
6,24,6,False,0.4997608081377848,0.5226303649818855,0.21810429198553155,0.0446672322378812,0.9785591592820797,0.20852148085412325,0.0,0.8364217810108173,0.7091942773525542,0.5967120437725342,0.4773696350181145,0.411191981281628,0.30361852767749864,0.1635782189891486,3.3656281813829207,2.612997784498829
6,24,6,False,0.49332939391168307,0.5226303649818855,0.2181042919855315,0.04374938771309542,0.9792601923197501,0.21289697406134034,0.0,0.8364217810108173,0.7091942773525542,0.5967120437725342,0.4773696350181145,0.411191981281628,0.2830380021539729,0.13270743070386004,3.1710757721187095,2.850702080584005
6,24,6,False,0.4742117577862252,0.5226303649818855,0.2181042919855315,0.02547320573989248,0.9937870097823553,0.09541301473494986,0.0,0.8364217810108173,0.7091942773525542,0.5967120437725342,0.4773696350181145,0.3458052485470972,0.22186156655250788,0.10632951003619322,2.511053418722862,3.3415983924714494
6,24,6,False,0.4797071579253225,0.5226303649818855,0.2181042919855315,0.02907635661888135,0.9915950000654855,0.12173315237604693,0.0,0.8364217810108173,0.7091942773525542,0.5967120437725342,0.4773696350181145,0.3458052485470972,0.23944684699761912,0.13270743070386004,2.6772910920161093,3.1384890644376595
6,24,6,False,0.5063921313598052,0.4362085839710971,0.21810429198553158,0.07884325996890867,0.8923123370353191,0.33161144529477776,0.16666666666666666,0.8364217810108173,0.6728435620216686,0.5637914160289029,0.5637914160289029,0.4547392700360825,0.30933640871237655,0.15021319703970806,3.6136098404068004,2.160398128061438
6,36,6,False,0.4791290948616001,0.5816114452948575,0.21810429198553158,0.07884325996890867,0.8923123370353191,0.33161144529477776,0.16666666666666666,0.8364217810108173,0.6728435620216686,0.5274407006979628,0.4183885547051424,0.4183885547051424,0.30933640871237655,0.15021319703970806,2.4777534882810586,1.8197308417985631
6,24,6,False,0.46626626640943064,0.5816114452948575,0.21810429198553155,0.053604516147709724,0.9697928663133035,0.17694324093858926,0.0,0.8364217810108173,0.6728435620216686,0.5274407006979628,0.4183885547051424,0.34328195618528834,0.26817535766543427,0.1635782189891486,1.9947951528873313,2.0473875899677365
6,24,6,False,0.4543394520442316,0.5816114452948575,0.2181042919855315,0.042593448506656126,0.9812323475482352,0.15439559523445565,0.0,0.8364217810108173,0.6728435620216686,0.5274407006979628,0.4183885547051424,0.34328195618528834,0.23000955169679732,0.10632951003619322,1.6340050703298732,2.488201214086702
6,60,6,False,0.4450502992388608,0.5816114452948575,0.21810429198553158,0.07884325996890867,0.8923123370353191,0.3227014306617081,0.16666666666666666,0.8364217810108173,0.6728435620216686,0.5274407006979628,0.4183885547051424,0.25481033571599365,0.20028426271961083,0.15021319703970806,1.2424506193757587,2.5396885503166873
6,72,5,True,0.41375588318892165,0.5816114452948575,0.21810429198553158,0.07884325996890867,0.8923123370353191,0.2726303649818056,0.16666666666666666,0.8364217810108173,0.6728435620216686,0.5274407006979628,0.4183885547051424,0.25481033571599365,0.10014213135980536,0.0,0.29578417479774044,3.6963264027437783
6,24,6,False,0.4798977846585537,0.5089100146328684,0.21810429198553155,0.05948476178373959,0.960398216325307,0.2908057226476298,0.0,0.8364217810108173,0.6728435620216686,0.54561605836346,0.4910899853671316,0.3614573138507856,0.26817535766543427,0.1635782189891486,2.562723328951053,2.217721233099429
6,24,6,False,0.46797097029335466,0.5089100146328684,0.2181042919855315,0.049791511211524205,0.9718376975602385,0.2110920872682753,0.0,0.8364217810108173,0.6728435620216686,0.54561605836346,0.4910899853671316,0.3614573138507856,0.23000955169679732,0.10632951003619322,2.2019332463935943,2.6585348572183944
6,24,6,False,0.49554499268352326,0.5089100146328684,0.21810429198553155,0.06674149360852552,0.9485618421183525,0.21810429198564052,0.0,0.8364217810108173,0.6728435620216686,0.54561605836346,0.4910899853671316,0.4365639123706397,0.3182464233453369,0.1635782189891486,3.129910068106398,1.887154150885801
7,12,7,False,0.5742712846480073,0.3271564379783314,0.21810429198553158,0.0934322379853608,0.8216253356652808,0.42917074459676585,0.2857142857142857,0.8091587445126258,0.7818957080144344,0.7818957080144344,0.6728435620216686,0.5092653430324927,0.3638624817087594,0.17524872987965942,6.180003978450899,2.9778635055360376
7,24,7,False,0.5326003403282482,0.4180332263057088,0.2181042919855315,0.06733010674920477,0.9082752940654334,0.3470468394372038,0.14285714285714285,0.8091587445126258,0.7818957080144344,0.6910189196870842,0.5819667736942912,0.4523341021780541,0.289603138718343,0.15482533582117008,4.545585807342296,2.8353200267866665
7,24,7,False,0.5383886131317398,0.4180332263057088,0.21810429198553155,0.07301892178784569,0.8993156520096364,0.4139335473886622,0.14285714285714285,0.8091587445126258,0.7818957080144344,0.6910189196870842,0.5819667736942912,0.4523341021780541,0.29989340148010585,0.19084125548734004,4.715818328361648,2.611477927093671
7,24,7,False,0.5342745174751602,0.4180332263057088,0.2181042919855315,0.06635903992644777,0.9096135263144696,0.3202600050866107,0.14285714285714285,0.8091587445126258,0.7818957080144344,0.6910189196870842,0.5819667736942912,0.45679857456981965,0.29853208350187405,0.15482533582117008,4.603919590473784,2.7924681869678754
7,24,7,False,0.5375568486631318,0.4180332263057088,0.2181042919855315,0.0682498697816924,0.9068972781492537,0.358189165480948,0.14285714285714285,0.8091587445126258,0.7818957080144344,0.6910189196870842,0.5819667736942912,0.45679857456981965,0.30436733894715673,0.17524872987965942,4.700452620605291,2.6655350015519863
7,24,7,False,0.5371356423239797,0.4180332263057088,0.21810429198553155,0.07474420788357362,0.8962393814087131,0.43398108031282284,0.14285714285714285,0.8091587445126258,0.7818957080144344,0.6910189196870842,0.5819667736942912,0.44899284669069395,0.2932108905053856,0.19084125548734004,4.6721607455874645,2.6435486696974553
7,24,7,False,0.5264015093953006,0.4180332263057088,0.2181042919855315,0.0684015690197597,0.9067726523491497,0.36199380578798557,0.14285714285714285,0.8091587445126258,0.7818957080144344,0.6910189196870842,0.5819667736942912,0.44899284669069395,0.2741279875210671,0.12405109504222543,4.35647097569555,3.0586553750500216
7,96,7,False,0.5197708239135357,0.46364928466913147,0.2181042919855315,0.06733010674920477,0.9082752940654335,0.38905514601369284,0.14285714285714285,0.8091587445126258,0.7818957080144344,0.6910189196870842,0.5363507153308685,0.3953140292237759,0.289603138718343,0.15482533582117008,4.034275916058565,2.8750873874772678
7,48,7,False,0.5255590967170273,0.46364928466913147,0.21810429198553155,0.0730189217878457,0.8993156520096364,0.44565159120338854,0.14285714285714285,0.8091587445126258,0.7818957080144344,0.6910189196870842,0.5363507153308685,0.3953140292237759,0.29989340148010585,0.19084125548734004,4.204508437077917,2.6512452877842723
7,48,7,False,0.5272332738639394,0.44306875914560573,0.2181042919855315,0.06312676358017734,0.91474154490566,0.3053717259413581,0.14285714285714285,0.8091587445126258,0.7818957080144344,0.6910189196870842,0.5569312408543943,0.4255041585199486,0.29853208350187405,0.15482533582117008,4.323296581080618,2.814293769892942
7,48,7,False,0.5305156050519108,0.44306875914560573,0.2181042919855315,0.06511152605618825,0.9120252967404442,0.33746563089041276,0.14285714285714285,0.8091587445126258,0.7818957080144344,0.6910189196870842,0.5569312408543943,0.4255041585199486,0.30436733894715673,0.17524872987965942,4.419829611212125,2.687360584477053
7,48,7,False,0.5290557486986567,0.44306875914560573,0.2181042919855315,0.06419611918109301,0.9131019932790917,0.3150915917265179,0.14285714285714285,0.8091587445126258,0.7818957080144344,0.6910189196870842,0.5569312408543943,0.43036409141252846,0.3082519492870338,0.15482533582117008,4.386797538531321,2.76764613775011
7,24,7,False,0.5300943987127588,0.44306875914560573,0.21810429198553155,0.06978810075441415,0.9044754667324475,0.40088278836934893,0.14285714285714285,0.8091587445126258,0.7818957080144344,0.6910189196870842,0.5569312408543943,0.4176984306408229,0.2932108905053856,0.19084125548734004,4.391537736194297,2.665374252622522
7,24,7,False,0.5193602657840797,0.44306875914560573,0.2181042919855315,0.06294805032032637,0.9150087376728842,0.31241787240641516,0.14285714285714285,0.8091587445126258,0.7818957080144344,0.6910189196870842,0.5569312408543943,0.4176984306408229,0.2741279875210671,0.12405109504222543,4.075847966302383,3.0804809579750887
7,24,7,False,0.5400627902786519,0.44306875914560573,0.21810429198553155,0.07149474868256216,0.9010398762217829,0.39952147039089897,0.14285714285714285,0.8091587445126258,0.7818957080144344,0.6910189196870842,0.5569312408543943,0.44428080814987125,0.34637564552348216,0.19084125548734004,4.738868956696919,2.4102256744565134
7,24,7,False,0.5342745174751603,0.44306875914560573,0.2181042919855315,0.07100661675520775,0.9016853749793169,0.3957944474399615,0.14285714285714285,0.8091587445126258,0.7818957080144344,0.6910189196870842,0.5569312408543943,0.44428080814987125,0.3360853827617193,0.15482533582117008,4.5686364356775675,2.634067774149509
7,24,7,False,0.5170686449622482,0.44306875914560573,0.2181042919855315,0.06290903759002646,0.9150614102289435,0.31162695140467755,0.14285714285714285,0.8091587445126258,0.7818957080144344,0.6910189196870842,0.5569312408543943,0.4115874417826058,0.26190600980463297,0.12405109504222543,3.9960004350618097,3.139136739153114
7,24,7,False,0.5220145050874357,0.44306875914560573,0.2181042919855315,0.06423409296682206,0.9130430466530364,0.35008148804366734,0.14285714285714285,0.8091587445126258,0.7818957080144344,0.6910189196870842,0.5569312408543943,0.4115874417826058,0.27069865002718857,0.15482533582117008,4.141457683934372,2.9478721334935436
7,24,7,False,0.5436003685875419,0.4362085839710971,0.21810429198553158,0.0934322379853608,0.8216253356652808,0.5018721752585918,0.2857142857142857,0.8091587445126258,0.7818957080144344,0.6455805255234772,0.5637914160289029,0.5092653430324927,0.3638624817087594,0.17524872987965942,4.8493005297633935,2.0573091504578316
7,36,7,False,0.523153091213888,0.5089100146329774,0.21810429198553158,0.0934322379853608,0.8216253356652808,0.538222890589641,0.2857142857142857,0.8091587445126258,0.7818957080144344,0.6455805255234772,0.49108998536702264,0.4183885547051424,0.3638624817087594,0.17524872987965942,4.034391001374483,2.1206891118043383
7,24,7,False,0.5115765456069354,0.5089100146329774,0.21810429198553155,0.0765788004216223,0.8929680295106399,0.46088878841154707,0.14285714285714285,0.8091587445126258,0.7818957080144344,0.6455805255234772,0.49108998536702264,0.38083525544521535,0.2932108905053856,0.19084125548734004,3.617410783067362,2.3842321890148828
7,24,7,False,0.5008424126782564,0.5089100146329774,0.2181042919855315,0.07040163851954541,0.9035013004510767,0.4079844168710278,0.14285714285714285,0.8091587445126258,0.7818957080144344,0.6455805255234772,0.49108998536702264,0.38083525544521535,0.2741279875210671,0.12405109504222543,3.3017210131754475,2.7993388943674495
7,60,7,False,0.49248217515342263,0.5089100146329774,0.21810429198553158,0.0934322379853608,0.8216253356652808,0.5704739270036232,0.2857142857142857,0.8091587445126258,0.7818957080144344,0.6455805255234772,0.49108998536702264,0.336599445210568,0.20028426271961083,0.17524872987965942,2.9657164174361816,2.9057345799872096
7,72,6,True,0.4643172007084774,0.5089100146329774,0.21810429198553158,0.0934322379853608,0.8216253356652808,0.5090876788326774,0.2857142857142857,0.8091587445126258,0.7818957080144344,0.6455805255234772,0.49108998536702264,0.336599445210568,0.150213197039708,0.0,2.137387351584886,3.9949208073110336
7,24,7,False,0.5218001842937777,0.4725592993019827,0.21810429198553155,0.0802141287130281,0.8843176028276566,0.4588389489531491,0.14285714285714285,0.8091587445126258,0.7818957080144344,0.6455805255234772,0.5274407006980173,0.4262736496089586,0.2932108905053856,0.19084125548734004,4.0248655472624275,2.3525422083415823
7,24,7,False,0.5110660513650986,0.4725592993019827,0.2181042919855315,0.07433965615613458,0.8948508737680934,0.3868516744283118,0.14285714285714285,0.8091587445126258,0.7818957080144344,0.6455805255234772,0.5274407006980173,0.4262736496089586,0.2741279875210671,0.12405109504222543,3.7091757773705134,2.7676489136941487
7,24,7,False,0.5358826715162504,0.4725592993019827,0.21810429198553155,0.08496729255097711,0.8734188798948772,0.47255929930194845,0.14285714285714285,0.8091587445126258,0.7818957080144344,0.6455805255234772,0.5274407006980173,0.46382694886888565,0.3683174890252396,0.19084125548734004,4.515545256457394,1.9920902168539314
7,48,7,False,0.5121530629545944,0.4180332263057088,0.2181042919855315,0.06733010674920477,0.9082752940654334,0.32887148177170655,0.14285714285714285,0.8091587445126258,0.6728435620216141,0.6364928466906741,0.5819667736942912,0.4523341021780541,0.289603138718343,0.15482533582117008,3.6293161530027627,1.4669757136401755
7,48,7,False,0.517941335758086,0.4180332263057088,0.21810429198553155,0.07301892178784569,0.8993156520096364,0.39575818972316495,0.14285714285714285,0.8091587445126258,0.6728435620216141,0.6364928466906741,0.5819667736942912,0.4523341021780541,0.29989340148010585,0.19084125548734004,3.7995486740221147,1.2431336139471802
7,48,7,False,0.5138272401015065,0.4180332263057088,0.2181042919855315,0.06635903992644777,0.9096135263144696,0.3020846474211134,0.14285714285714285,0.8091587445126258,0.6728435620216141,0.6364928466906741,0.5819667736942912,0.45679857456981965,0.29853208350187405,0.15482533582117008,3.6876499361342514,1.4241238738213842
7,48,7,False,0.517109571289478,0.4180332263057088,0.2181042919855315,0.0682498697816924,0.9068972781492537,0.3400138078154507,0.14285714285714285,0.8091587445126258,0.6728435620216141,0.6364928466906741,0.5819667736942912,0.45679857456981965,0.30436733894715673,0.17524872987965942,3.784182966265757,1.2971906884054956
7,48,7,False,0.5166883649503259,0.4180332263057088,0.21810429198553155,0.07474420788357362,0.8962393814087131,0.41580572264732557,0.14285714285714285,0.8091587445126258,0.6728435620216141,0.6364928466906741,0.5819667736942912,0.44899284669069395,0.2932108905053856,0.19084125548734004,3.755891091247931,1.275204356550964
7,48,7,False,0.5059542320216468,0.4180332263057088,0.2181042919855315,0.0684015690197597,0.9067726523491497,0.3438184481224883,0.14285714285714285,0.8091587445126258,0.6728435620216141,0.6364928466906741,0.5819667736942912,0.44899284669069395,0.2741279875210671,0.12405109504222543,3.440201321356016,1.6903110619035304
7,192,7,False,0.49932354653988176,0.46364928466913147,0.2181042919855315,0.06733010674920477,0.9082752940654335,0.34361675184994955,0.14285714285714285,0.8091587445126258,0.6728435620216141,0.6364928466906741,0.5363507153308685,0.3953140292237759,0.289603138718343,0.15482533582117008,3.1180062617190316,1.5067430743307764
7,96,7,False,0.5051118193433735,0.46364928466913147,0.21810429198553155,0.0730189217878457,0.8993156520096364,0.40021319703964525,0.14285714285714285,0.8091587445126258,0.6728435620216141,0.6364928466906741,0.5363507153308685,0.3953140292237759,0.29989340148010585,0.19084125548734004,3.2882387827383837,1.282900974637781
7,96,7,False,0.5067859964902854,0.44306875914560573,0.2181042919855315,0.06312676358017734,0.91474154490566,0.28187517527937234,0.14285714285714285,0.8091587445126258,0.6728435620216141,0.6364928466906741,0.5569312408543943,0.4255041585199486,0.29853208350187405,0.15482533582117008,3.4070269267410853,1.4459494567464508
7,96,7,False,0.5100683276782569,0.44306875914560573,0.2181042919855315,0.06511152605618825,0.9120252967404442,0.313969080228427,0.14285714285714285,0.8091587445126258,0.6728435620216141,0.6364928466906741,0.5569312408543943,0.4255041585199486,0.30436733894715673,0.17524872987965942,3.5035599568725915,1.319016271330562
7,96,7,False,0.508608471325003,0.44306875914560573,0.2181042919855315,0.06419611918109301,0.9131019932790917,0.28187517527937245,0.14285714285714285,0.8091587445126258,0.6728435620216141,0.6364928466906741,0.5569312408543943,0.43036409141252846,0.3082519492870338,0.15482533582117008,3.470527884191788,1.3993018246036188
7,48,7,False,0.509647121339105,0.44306875914560573,0.21810429198553155,0.06978810075441415,0.9044754667324475,0.38270743070385166,0.14285714285714285,0.8091587445126258,0.6728435620216141,0.6364928466906741,0.5569312408543943,0.4176984306408229,0.2932108905053856,0.19084125548734004,3.475268081854765,1.297029939476031
7,48,7,False,0.4989129884104258,0.44306875914560573,0.2181042919855315,0.06294805032032637,0.9150087376728842,0.2942425147409179,0.14285714285714285,0.8091587445126258,0.6728435620216141,0.6364928466906741,0.5569312408543943,0.4176984306408229,0.2741279875210671,0.12405109504222543,3.1595783119628504,1.7121366448285973
7,48,7,False,0.5196155129049981,0.44306875914560573,0.21810429198553155,0.07149474868256216,0.9010398762217829,0.3384716204690679,0.14285714285714285,0.8091587445126258,0.6728435620216141,0.6364928466906741,0.5569312408543943,0.44428080814987125,0.34637564552348216,0.19084125548734004,3.822599302357387,1.0418813613100222
7,48,7,False,0.5138272401015065,0.44306875914560573,0.2181042919855315,0.07100661675520775,0.9016853749793169,0.33474459751813046,0.14285714285714285,0.8091587445126258,0.6728435620216141,0.6364928466906741,0.5569312408543943,0.44428080814987125,0.3360853827617193,0.15482533582117008,3.6523667813380345,1.2657234610030177
7,48,7,False,0.49662136758859443,0.44306875914560573,0.2181042919855315,0.06290903759002646,0.9150614102289435,0.2934515937391803,0.14285714285714285,0.8091587445126258,0.6728435620216141,0.6364928466906741,0.5569312408543943,0.4115874417826058,0.26190600980463297,0.12405109504222543,3.0797307807222767,1.7707924260066228
7,48,7,False,0.5015672277137819,0.44306875914560573,0.2181042919855315,0.06423409296682206,0.9130430466530364,0.3319061303781701,0.14285714285714285,0.8091587445126258,0.6728435620216141,0.6364928466906741,0.5569312408543943,0.4115874417826058,0.27069865002718857,0.15482533582117008,3.2251880295948387,1.5795278203470522
7,72,7,False,0.4968176049243617,0.47255929930209173,0.2181042919855315,0.06733010674920477,0.9082752940654334,0.3197838029390122,0.14285714285714285,0.8091587445126258,0.6728435620216141,0.5683352554451955,0.5274407006979083,0.4523341021780541,0.289603138718343,0.15482533582117008,2.9639644286590094,1.0066985361010723
7,72,7,False,0.5026058777278533,0.47255929930209173,0.21810429198553155,0.07301892178784569,0.8993156520096364,0.3866705108904706,0.14285714285714285,0.8091587445126258,0.6728435620216141,0.5683352554451955,0.5274407006979083,0.4523341021780541,0.29989340148010585,0.19084125548734004,3.1341969496783615,0.782856436408077
7,72,7,False,0.4984917820712738,0.47255929930209173,0.2181042919855315,0.06635903992644777,0.9096135263144696,0.29299696858841906,0.14285714285714285,0.8091587445126258,0.6728435620216141,0.5683352554451955,0.5274407006979083,0.45679857456981965,0.29853208350187405,0.15482533582117008,3.022298211790498,0.963846696282281
7,72,7,False,0.5017741132592453,0.47255929930209173,0.2181042919855315,0.0682498697816924,0.9068972781492537,0.33092612898275636,0.14285714285714285,0.8091587445126258,0.6728435620216141,0.5683352554451955,0.5274407006979083,0.45679857456981965,0.30436733894715673,0.17524872987965942,3.1188312419220043,0.8369135108663923
7,72,7,False,0.5013529069200933,0.47255929930209173,0.21810429198553155,0.07474420788357362,0.8962393814087131,0.4067180438146312,0.14285714285714285,0.8091587445126258,0.6728435620216141,0.5683352554451955,0.5274407006979083,0.44899284669069395,0.2932108905053856,0.19084125548734004,3.090539366904178,0.8149271790118608
7,72,7,False,0.4906187739914141,0.47255929930209173,0.2181042919855315,0.0684015690197597,0.9067726523491497,0.33473076928979395,0.14285714285714285,0.8091587445126258,0.6728435620216141,0.5683352554451955,0.5274407006979083,0.44899284669069395,0.2741279875210671,0.12405109504222543,2.774849597012263,1.2300338843644272
7,96,7,False,0.4686526304794164,0.5727014306618972,0.2181042919855315,0.06733010674920477,0.9082752940654334,0.34361675184994955,0.14285714285714285,0.8091587445126258,0.6728435620216141,0.5683352554451955,0.4272985693381028,0.32715643797829735,0.289603138718343,0.15482533582117008,1.8414723910839028,1.0940008678015294
7,96,7,False,0.474440903282908,0.5727014306618972,0.21810429198553155,0.07301892178784569,0.8993156520096364,0.40021319703964525,0.14285714285714285,0.8091587445126258,0.6728435620216141,0.5683352554451955,0.4272985693381028,0.32715643797829735,0.29989340148010585,0.19084125548734004,2.0117049121032546,0.8701587681085341
7,120,7,False,0.44752889964569215,0.5727014306618972,0.2181042919855315,0.06733010674920477,0.9082752940654334,0.40535832842052666,0.14285714285714285,0.8091587445126258,0.6728435620216141,0.5683352554451955,0.4272985693381028,0.2708264890883659,0.17694324093848016,0.15482533582117008,1.1054528272909179,1.6346788550333988
7,144,6,True,0.42264625638871833,0.5727014306618972,0.2181042919855315,0.06733010674920477,0.9082752940654334,0.29476880283397666,0.14285714285714285,0.8091587445126258,0.6728435620216141,0.5683352554451955,0.4272985693381028,0.2708264890883659,0.13270743070386,0.0,0.3736567915711282,2.5969318969413338
7,120,7,False,0.4591054452526753,0.5727014306618972,0.21810429198553155,0.07301892178784569,0.8993156520096364,0.40021319703964525,0.14285714285714285,0.8091587445126258,0.6728435620216141,0.5683352554451955,0.4272985693381028,0.28626188323101015,0.21810429198553155,0.19084125548734004,1.4773676201341037,1.2626815021999696
7,144,6,True,0.42843452919221,0.5727014306618972,0.21810429198553155,0.07301892178784569,0.8993156520096364,0.3456871240432621,0.14285714285714285,0.8091587445126258,0.6728435620216141,0.5683352554451955,0.4272985693381028,0.28626188323101015,0.16357821898914854,0.0,0.5753390633949622,2.4487766438009
7,96,7,False,0.4720009847732406,0.5667488008062098,0.2181042919855315,0.06635903992644777,0.9096135263144696,0.3257588622828873,0.14285714285714285,0.8091587445126258,0.6728435620216141,0.5683352554451955,0.4332511991937902,0.33906169768967215,0.29853208350187405,0.15482533582117008,1.9665291361187451,1.0459596190986382
7,96,7,False,0.4752833159612121,0.5667488008062098,0.2181042919855315,0.0682498697816924,0.9068972781492537,0.357852767231942,0.14285714285714285,0.8091587445126258,0.6728435620216141,0.5683352554451955,0.4332511991937902,0.33906169768967215,0.30436733894715673,0.17524872987965942,2.0630621662502513,0.9190264336827496
7,120,7,False,0.4492030767926042,0.5667488008062098,0.2181042919855315,0.06635903992644777,0.9096135263144696,0.402382013492683,0.14285714285714285,0.8091587445126258,0.6728435620216141,0.5683352554451955,0.4332511991937902,0.2782672764079751,0.17694324093848016,0.15482533582117008,1.1721757891942717,1.6294894461492992
7,144,6,True,0.4243204335356304,0.5667488008062098,0.2181042919855315,0.06635903992644777,0.9096135263144696,0.291792487906133,0.14285714285714285,0.8091587445126258,0.6728435620216141,0.5683352554451955,0.4332511991937902,0.2782672764079751,0.13270743070386,0.0,0.440379753474482,2.591742488057234
7,120,7,False,0.4557677391685472,0.5667488008062098,0.2181042919855315,0.0682498697816924,0.9068972781492537,0.3994643857700416,0.14285714285714285,0.8091587445126258,0.6728435620216141,0.5683352554451955,0.4332511991937902,0.2870201595758991,0.20028426271961083,0.17524872987965942,1.3830759256012444,1.4185424928005452
7,144,6,True,0.4276027647236019,0.5667488008062098,0.2181042919855315,0.0682498697816924,0.9068972781492537,0.3010991905773188,0.14285714285714285,0.8091587445126258,0.6728435620216141,0.5683352554451955,0.4332511991937902,0.2870201595758991,0.150213197039708,0.0,0.5547468597499484,2.5077287201243688
7,96,7,False,0.47193496166738796,0.5771564379783773,0.21810429198553155,0.07474420788357362,0.8962393814087131,0.4135782189890858,0.14285714285714285,0.8091587445126258,0.6728435620216141,0.5683352554451955,0.4228435620216226,0.31824642334533704,0.2932108905053856,0.19084125548734004,1.9181112018252482,0.9061133158719457
7,96,7,False,0.4612008287387088,0.5771564379783773,0.2181042919855315,0.0684015690197597,0.9067726523491497,0.36067384744856656,0.14285714285714285,0.8091587445126258,0.6728435620216141,0.5683352554451955,0.4228435620216226,0.31824642334533704,0.2741279875210671,0.12405109504222543,1.6024214319333336,1.3212200212245122
7,120,7,False,0.4578524744449153,0.5771564379783773,0.21810429198553155,0.07474420788357362,0.8962393814087131,0.4091232116726056,0.14285714285714285,0.8091587445126258,0.6728435620216141,0.5683352554451955,0.4228435620216226,0.2806931240854099,0.21810429198553155,0.19084125548734004,1.4274314926302807,1.2665653073595973
7,144,6,True,0.42718155838444993,0.5771564379783773,0.21810429198553155,0.07474420788357364,0.8962393814087131,0.3657346569674229,0.14285714285714285,0.8091587445126258,0.6728435620216141,0.5683352554451955,0.4228435620216226,0.2806931240854099,0.16357821898914854,0.0,0.525402935891139,2.4526604489605277
7,120,7,False,0.43638420858755705,0.5771564379783773,0.2181042919855315,0.0684015690197597,0.9067726523491497,0.4119821521900445,0.14285714285714285,0.8091587445126258,0.6728435620216141,0.5683352554451955,0.4228435620216226,0.2520687696089322,0.1417726800482577,0.12405109504222543,0.7377295798053083,1.956420324563017
7,144,6,True,0.4164474254557708,0.5771564379783773,0.2181042919855315,0.0684015690197597,0.9067726523491497,0.3233742271598836,0.14285714285714285,0.8091587445126258,0.6728435620216141,0.5683352554451955,0.4228435620216226,0.2520687696089322,0.10632951003619318,0.0,0.1513907929580811,2.727408760811381
7,288,7,False,0.4711585720949365,0.5637914160289369,0.2181042919855315,0.06733010674920477,0.9082752940654335,0.3143038758933061,0.14285714285714285,0.8091587445126258,0.6728435620216141,0.5113151824909172,0.4362085839710631,0.3953140292237759,0.289603138718343,0.15482533582117008,1.8960268284280037,0.6614018450421923
7,144,7,False,0.47694684489842815,0.5637914160289369,0.21810429198553155,0.0730189217878457,0.8993156520096364,0.35031979555947607,0.14285714285714285,0.8091587445126258,0.6728435620216141,0.5113151824909172,0.4362085839710631,0.3953140292237759,0.29989340148010585,0.19084125548734004,2.0662593494473556,0.43755974534919684
7,384,7,False,0.4558231140647038,0.6183174890253198,0.2181042919855315,0.06733010674920477,0.9082752940654335,0.32098638686797176,0.14285714285714285,0.8091587445126258,0.6728435620216141,0.5113151824909172,0.3816825109746802,0.32715643797829735,0.289603138718343,0.15482533582117008,1.2848446821366275,0.7089368160520485
7,192,7,False,0.4616113868681955,0.6183174890253198,0.21810429198553155,0.0730189217878457,0.8993156520096364,0.37758283205766746,0.14285714285714285,0.8091587445126258,0.6728435620216141,0.5113151824909172,0.3816825109746802,0.32715643797829735,0.29989340148010585,0.19084125548734004,1.4550772031559793,0.485094716359053
7,480,7,False,0.43469938323097956,0.6183174890253198,0.2181042919855315,0.06733010674920477,0.9082752940654335,0.35185717515326037,0.14285714285714285,0.8091587445126258,0.6728435620216141,0.5113151824909172,0.3816825109746802,0.2708264890883659,0.17694324093848016,0.15482533582117008,0.5488251183436426,1.2496148032839178
7,576,6,True,0.40981673997400575,0.6183174890253198,0.2181042919855315,0.06733010674920477,0.9082752940654335,0.2957937225630935,0.14285714285714285,0.8091587445126258,0.6728435620216141,0.5113151824909172,0.3816825109746802,0.2708264890883659,0.13270743070386,0.0,-0.18297091737614707,2.2118678451918528
7,240,7,False,0.44627592883796274,0.6183174890253198,0.21810429198553155,0.0730189217878457,0.8993156520096364,0.37758283205766746,0.14285714285714285,0.8091587445126258,0.6728435620216141,0.5113151824909172,0.3816825109746802,0.28626188323101015,0.21810429198553155,0.19084125548734004,0.9207399111868285,0.8776174504504886
7,288,6,True,0.4156050127774974,0.6183174890253198,0.21810429198553155,0.0730189217878457,0.8993156520096364,0.3775828320576674,0.14285714285714285,0.8091587445126258,0.6728435620216141,0.5113151824909172,0.3816825109746802,0.28626188323101015,0.16357821898914854,0.0,0.01871135444768684,2.063712592051419
7,192,7,False,0.46495974116201966,0.5917843336461067,0.2181042919855315,0.06312676358017734,0.91474154490566,0.264607362932914,0.14285714285714285,0.8091587445126258,0.6728435620216141,0.5370408393953243,0.4082156663538933,0.33906169768967215,0.29853208350187405,0.15482533582117008,1.6610342777966525,0.834624311776952
7,192,7,False,0.46824207234999116,0.5917843336461067,0.2181042919855315,0.06511152605618825,0.9120252967404442,0.29670126788196866,0.14285714285714285,0.8091587445126258,0.6728435620216141,0.5370408393953243,0.4082156663538933,0.33906169768967215,0.30436733894715673,0.17524872987965942,1.7575673079281589,0.7076911263610632
7,240,7,False,0.44216183318138325,0.5917843336461067,0.2181042919855315,0.06312676358017734,0.91474154490566,0.3036772148828643,0.14285714285714285,0.8091587445126258,0.6728435620216141,0.5370408393953243,0.4082156663538933,0.2782672764079751,0.17694324093848016,0.15482533582117008,0.866680930872179,1.4181541388276127
7,288,6,True,0.4172791899244095,0.5917843336461067,0.2181042919855315,0.06312676358017734,0.91474154490566,0.2243106008127082,0.14285714285714285,0.8091587445126258,0.6728435620216141,0.5370408393953243,0.4082156663538933,0.2782672764079751,0.13270743070386,0.0,0.1348848951523895,2.380407180735548
7,240,7,False,0.44872649555732624,0.5917843336461067,0.2181042919855315,0.06511152605618825,0.9120252967404442,0.3160189196870967,0.14285714285714285,0.8091587445126258,0.6728435620216141,0.5370408393953243,0.4082156663538933,0.2870201595758991,0.20028426271961083,0.17524872987965942,1.077581067279152,1.2072071854788586
7,288,6,True,0.420561521112381,0.5917843336461067,0.2181042919855315,0.06511152605618825,0.9120252967404442,0.24887663601076776,0.14285714285714285,0.8091587445126258,0.6728435620216141,0.5370408393953243,0.4082156663538933,0.2870201595758991,0.150213197039708,0.0,0.24925200142785586,2.2963934128026824
7,144,7,False,0.48440929484883183,0.5226303649818855,0.2181042919855315,0.06312676358017734,0.91474154490566,0.24193563831217835,0.14285714285714285,0.8091587445126258,0.6728435620216141,0.5370408393953243,0.4773696350181145,0.4255041585199486,0.29853208350187405,0.15482533582117008,2.4361803440752396,0.7743369718856613
7,144,7,False,0.48769162603680327,0.5226303649818855,0.2181042919855315,0.06511152605618825,0.9120252967404442,0.2623590323706677,0.14285714285714285,0.8091587445126258,0.6728435620216141,0.5370408393953243,0.4773696350181145,0.4255041585199486,0.30436733894715673,0.17524872987965942,2.5327133742067462,0.6474037864697726
7,144,7,False,0.4862317696835493,0.5226303649818855,0.2181042919855315,0.06419611918109301,0.9131019932790917,0.25165550409733806,0.14285714285714285,0.8091587445126258,0.6728435620216141,0.5370408393953243,0.4773696350181145,0.43036409141252846,0.3082519492870338,0.15482533582117008,2.4996813015259427,0.7276893397428296
7,240,7,False,0.44398430801610067,0.5853044231226668,0.2181042919855315,0.06419611918109301,0.9131019932790917,0.31339708066802435,0.14285714285714285,0.8091587445126258,0.6728435620216141,0.5370408393953243,0.41469557687733316,0.28636716456227485,0.17694324093848016,0.15482533582117008,0.939314175920924,1.4125050549682523
7,288,6,True,0.4191016647591269,0.5853044231226668,0.2181042919855315,0.06419611918109301,0.9131019932790917,0.25347019816818744,0.14285714285714285,0.8091587445126258,0.6728435620216141,0.5370408393953243,0.41469557687733316,0.28636716456227485,0.13270743070386,0.0,0.20751814020113446,2.3747580968761874
7,192,7,False,0.4686046908314545,0.5853044231226668,0.2181042919855315,0.06419611918109301,0.9131019932790917,0.2581274524094742,0.14285714285714285,0.8091587445126258,0.6728435620216141,0.5370408393953243,0.41469557687733316,0.3520215187365518,0.3082519492870338,0.15482533582117008,1.7971684802961008,0.7823275957747596
7,72,7,False,0.4872704196976513,0.5226303649818855,0.21810429198553155,0.06978810075441415,0.9044754667324475,0.30657591245504395,0.14285714285714285,0.8091587445126258,0.6728435620216141,0.5370408393953243,0.4773696350181145,0.4176984306408229,0.2932108905053856,0.19084125548734004,2.5044214991889198,0.6254174546152413
7,72,7,False,0.47653628676897214,0.5226303649818855,0.2181042919855315,0.06294805032032637,0.9150087376728842,0.24760153664837836,0.14285714285714285,0.8091587445126258,0.6728435620216141,0.5370408393953243,0.4773696350181145,0.4176984306408229,0.2741279875210671,0.12405109504222543,2.188731729297005,1.0405241599678077
7,72,7,False,0.4972388112635444,0.5226303649818855,0.21810429198553155,0.07149474868256216,0.9010398762217829,0.3155048572381936,0.14285714285714285,0.8091587445126258,0.6728435620216141,0.5370408393953243,0.4773696350181145,0.44428080814987125,0.34637564552348216,0.19084125548734004,2.8517527196915413,0.37026887644923256
7,72,7,False,0.4914505384600528,0.5226303649818855,0.2181042919855315,0.07100661675520775,0.9016853749793169,0.3323583598107819,0.14285714285714285,0.8091587445126258,0.6728435620216141,0.5370408393953243,0.4773696350181145,0.44428080814987125,0.3360853827617193,0.15482533582117008,2.6815201986721893,0.5941109761422282
7,72,7,False,0.47424466594714076,0.5226303649818855,0.2181042919855315,0.06290903759002646,0.9150614102289435,0.24681061564664075,0.14285714285714285,0.8091587445126258,0.6728435620216141,0.5370408393953243,0.4773696350181145,0.4115874417826058,0.26190600980463297,0.12405109504222543,2.1088841980564315,1.0991799411458332
7,72,7,False,0.47919052607232826,0.5226303649818855,0.2181042919855315,0.06423409296682206,0.9130430466530364,0.2763551376528881,0.14285714285714285,0.8091587445126258,0.6728435620216141,0.5370408393953243,0.4773696350181145,0.4115874417826058,0.27069865002718857,0.15482533582117008,2.2543414469289935,0.9079153354862627
7,96,7,False,0.46489371805616697,0.6021919708182742,0.21810429198553155,0.06978810075441415,0.9044754667324475,0.3384716204693949,0.14285714285714285,0.8091587445126258,0.6728435620216141,0.5370408393953243,0.39780802918172575,0.31824642334533704,0.2932108905053856,0.19084125548734004,1.6126163435031557,0.6947780085502593
7,96,7,False,0.4541595851274878,0.6021919708182742,0.2181042919855315,0.06294805032032637,0.9150087376728842,0.28556724892887564,0.14285714285714285,0.8091587445126258,0.6728435620216141,0.5370408393953243,0.39780802918172575,0.31824642334533704,0.2741279875210671,0.12405109504222543,1.2969265736112414,1.1098847139028258
7,120,7,False,0.4508112308336943,0.6021919708182742,0.21810429198553155,0.06978810075441415,0.9044754667324475,0.3340166131529147,0.14285714285714285,0.8091587445126258,0.6728435620216141,0.5370408393953243,0.39780802918172575,0.2806931240854099,0.21810429198553155,0.19084125548734004,1.1219366343081885,1.055230000037911
7,144,6,True,0.4201403147732289,0.6021919708182742,0.21810429198553155,0.06978810075441415,0.9044754667324475,0.290628058447732,0.14285714285714285,0.8091587445126258,0.6728435620216141,0.5370408393953243,0.39780802918172575,0.2806931240854099,0.16357821898914854,0.0,0.21990807756904673,2.2413251416388413
7,120,7,False,0.429342964976336,0.6021919708182742,0.2181042919855315,0.06294805032032637,0.9150087376728842,0.2993222544105085,0.14285714285714285,0.8091587445126258,0.6728435620216141,0.5370408393953243,0.39780802918172575,0.2520687696089322,0.1417726800482577,0.12405109504222543,0.432234721483216,1.7450850172413306
7,144,6,True,0.4094061818445498,0.6021919708182742,0.2181042919855315,0.06294805032032637,0.9150087376728842,0.21071432938034762,0.14285714285714285,0.8091587445126258,0.6728435620216141,0.5370408393953243,0.39780802918172575,0.2520687696089322,0.10632951003619318,0.0,-0.15410406536401122,2.5160734534896947
7,120,7,False,0.4607796223995874,0.5667488008062098,0.21810429198553155,0.07149474868256216,0.9010398762217829,0.33608538276182837,0.14285714285714285,0.8091587445126258,0.6728435620216141,0.5370408393953243,0.4332511991937902,0.3249970866004904,0.21810429198553155,0.19084125548734004,1.5192187331085312,1.0243312030691167
7,144,6,True,0.43010870633912207,0.5667488008062098,0.21810429198553155,0.07149474868256216,0.9010398762217829,0.3104184130625689,0.14285714285714285,0.8091587445126258,0.6728435620216141,0.5370408393953243,0.4332511991937902,0.3249970866004904,0.16357821898914854,0.0,0.6171901763693894,2.210426344670047
7,96,7,False,0.4848305011879532,0.5667488008062098,0.21810429198553155,0.07149474868256216,0.9010398762217829,0.2961682752827128,0.14285714285714285,0.8091587445126258,0.6728435620216141,0.5370408393953243,0.4332511991937902,0.38913276336946584,0.34637564552348216,0.19084125548734004,2.3572296628061196,0.40873063341545657
7,96,7,False,0.4790422283844616,0.5667488008062098,0.2181042919855315,0.07100661675520775,0.9016853749793169,0.31029914189861973,0.14285714285714285,0.8091587445126258,0.6728435620216141,0.5370408393953243,0.4332511991937902,0.38913276336946584,0.3360853827617193,0.15482533582117008,2.1869971417867675,0.6325727331084522
7,144,6,True,0.4243204335356304,0.5667488008062098,0.2181042919855315,0.07100661675520775,0.9016853749793169,0.3369704985922441,0.14285714285714285,0.8091587445126258,0.6728435620216141,0.5370408393953243,0.4332511991937902,0.30956169245784615,0.13270743070386,0.0,0.4155079045455554,2.3585815978104807
7,120,7,False,0.44920307679260424,0.5667488008062098,0.2181042919855315,0.07100661675520777,0.9016853749793169,0.35908840370955375,0.14285714285714285,0.8091587445126258,0.6728435620216141,0.5370408393953243,0.4332511991937902,0.30956169245784615,0.17694324093848016,0.15482533582117008,1.147303940265345,1.3963285559025458
7,96,7,False,0.449576343483825,0.6103399559625637,0.2181042919855315,0.06290903759002646,0.9150614102289435,0.28556724892887575,0.14285714285714285,0.8091587445126258,0.6728435620216141,0.5370408393953243,0.3896600440374363,0.30195045305675816,0.26190600980463297,0.12405109504222543,1.1257483674334239,1.1756437801028303
7,96,7,False,0.4545222036090126,0.6103399559625637,0.2181042919855315,0.06423409296682206,0.9130430466530364,0.30631913071256744,0.14285714285714285,0.8091587445126258,0.6728435620216141,0.5370408393953243,0.3896600440374363,0.30195045305675816,0.27069865002718857,0.15482533582117008,1.2712056163059862,0.9843791744432596
7,120,7,False,0.42705134415450463,0.6103399559625637,0.2181042919855315,0.06290903759002646,0.9150614102289435,0.3033962469826532,0.14285714285714285,0.8091587445126258,0.6728435620216141,0.5370408393953243,0.3896600440374363,0.24188378817857042,0.1417726800482577,0.12405109504222543,0.3409040465459723,1.7521883022633093
7,144,6,True,0.4071145610227184,0.6103399559625637,0.2181042919855315,0.06290903759002646,0.9150614102289435,0.2147883219524923,0.14285714285714285,0.8091587445126258,0.6728435620216141,0.5370408393953243,0.3896600440374363,0.24188378817857042,0.10632951003619318,0.0,-0.24543474030125492,2.5231767385116735
7,144,6,True,0.412060421147906,0.6103399559625637,0.2181042919855315,0.06423409296682206,0.9130430466530364,0.23468162674116888,0.14285714285714285,0.8091587445126258,0.6728435620216141,0.5370408393953243,0.3896600440374363,0.25507274851240386,0.13270743070386,0.0,-0.07310486919203103,2.396583679801254
7,120,7,False,0.43694306440487973,0.6103399559625637,0.2181042919855315,0.06423409296682206,0.9130430466530364,0.3245869265370865,0.14285714285714285,0.8091587445126258,0.6728435620216141,0.5370408393953243,0.3896600440374363,0.25507274851240386,0.17694324093848016,0.15482533582117008,0.6586911665277586,1.4343306378933192
7,48,7,False,0.5129294525270764,0.4362085839710971,0.21810429198553158,0.0934322379853608,0.8216253356652808,0.39282002926588067,0.2857142857142857,0.8091587445126258,0.6183174890252858,0.5637914160289029,0.5637914160289029,0.5092653430324927,0.3638624817087594,0.17524872987965942,3.4748960482547813,0.004792680739122239
7,72,7,False,0.4924821751534227,0.5089100146329774,0.21810429198553158,0.0934322379853608,0.8216253356652808,0.3201185986041094,0.2857142857142857,0.8091587445126258,0.6183174890252858,0.5637914160289029,0.49108998536702264,0.4183885547051424,0.3638624817087594,0.17524872987965942,2.6599865198658708,0.06817264208562883
7,48,7,False,0.48090562954647015,0.5089100146329774,0.21810429198553155,0.0765788004216223,0.8929680295106399,0.3178910949458695,0.14285714285714285,0.8091587445126258,0.6183174890252858,0.5637914160289029,0.49108998536702264,0.38083525544521535,0.2932108905053856,0.19084125548734004,2.24300630155875,0.33171571929617305
7,48,7,False,0.470171496617791,0.5089100146329774,0.2181042919855315,0.07040163851954541,0.9035013004510767,0.26498672340535023,0.14285714285714285,0.8091587445126258,0.6183174890252858,0.5637914160289029,0.49108998536702264,0.38083525544521535,0.2741279875210671,0.12405109504222543,1.9273165316668357,0.7468224246487395
7,120,7,False,0.4618112590929573,0.5089100146329774,0.21810429198553158,0.0934322379853608,0.8216253356652808,0.5159478540072402,0.2857142857142857,0.8091587445126258,0.6183174890252858,0.5637914160289029,0.49108998536702264,0.336599445210568,0.20028426271961083,0.17524872987965942,1.5913119359275696,0.8532181102685001
7,144,6,True,0.433646284648012,0.5089100146329774,0.21810429198553158,0.0934322379853608,0.8216253356652808,0.45456160583629435,0.2857142857142857,0.8091587445126258,0.6183174890252858,0.5637914160289029,0.49108998536702264,0.336599445210568,0.150213197039708,0.0,0.7629828700762735,1.9424043375923241
7,48,7,False,0.4911292682333124,0.4725592993019827,0.21810429198553155,0.0802141287130281,0.8843176028276566,0.37036732848396364,0.14285714285714285,0.8091587445126258,0.6183174890252858,0.5637914160289029,0.5274407006980173,0.4262736496089586,0.2932108905053856,0.19084125548734004,2.6504610657538157,0.3000257386228724
7,48,7,False,0.4803951353046332,0.4725592993019827,0.2181042919855315,0.07433965615613458,0.8948508737680934,0.29838005395912637,0.14285714285714285,0.8091587445126258,0.6183174890252858,0.5637914160289029,0.5274407006980173,0.4262736496089586,0.2741279875210671,0.12405109504222543,2.334771295861901,0.7151324439754388
7,48,7,False,0.505211755455785,0.4725592993019827,0.21810429198553155,0.08496729255097711,0.8734188798948772,0.3089810803129089,0.14285714285714285,0.8091587445126258,0.6183174890252858,0.5637914160289029,0.5274407006980173,0.46382694886888565,0.3683174890252396,0.19084125548734004,3.1411407749487825,-0.06042625286477865
7,108,7,False,0.4720348977797688,0.5816114452948575,0.21810429198553158,0.0934322379853608,0.8216253356652808,0.39282002926588067,0.2857142857142857,0.8091587445126258,0.6183174890252858,0.47291462770155257,0.4183885547051424,0.4183885547051424,0.3638624817087594,0.17524872987965942,1.7728508874070894,-0.5455302613001496
7,72,7,False,0.4604583521728163,0.5816114452948575,0.21810429198553155,0.0765788004216223,0.8929680295106399,0.306575912454826,0.14285714285714285,0.8091587445126258,0.6183174890252858,0.47291462770155257,0.4183885547051424,0.38083525544521535,0.2932108905053856,0.19084125548734004,1.3558706690999682,-0.2819871840896052
7,72,7,False,0.4497242192441372,0.5816114452948575,0.2181042919855315,0.07040163851954541,0.9035013004510767,0.2918373468829438,0.14285714285714285,0.8091587445126258,0.6183174890252858,0.47291462770155257,0.4183885547051424,0.38083525544521535,0.2741279875210671,0.12405109504222543,1.040180899208054,0.13311952126296117
7,180,7,False,0.44136398171930347,0.5816114452948575,0.21810429198553158,0.0934322379853608,0.8216253356652808,0.4795971386761907,0.2857142857142857,0.8091587445126258,0.6183174890252858,0.47291462770155257,0.4183885547051424,0.336599445210568,0.20028426271961083,0.17524872987965942,0.7041763034687879,0.23951520688272157
7,216,6,True,0.4131990072743582,0.5816114452948575,0.21810429198553158,0.0934322379853608,0.8216253356652808,0.45456160583623983,0.2857142857142857,0.8091587445126258,0.6183174890252858,0.47291462770155257,0.4183885547051424,0.336599445210568,0.150213197039708,0.0,-0.1241527623825081,1.3287014342065455
7,96,7,False,0.4463758649503437,0.6316825109747604,0.21810429198553155,0.0765788004216223,0.8929680295106399,0.3316114452947773,0.14285714285714285,0.8091587445126258,0.6183174890252858,0.47291462770155257,0.3683174890252397,0.31824642334533704,0.2932108905053856,0.19084125548734004,0.7946246503124152,-0.2383360182393768
7,96,7,False,0.43564173202166456,0.6316825109747604,0.2181042919855315,0.07040163851954541,0.9035013004510767,0.2787070737542581,0.14285714285714285,0.8091587445126258,0.6183174890252858,0.47291462770155257,0.3683174890252397,0.31824642334533704,0.2741279875210671,0.12405109504222543,0.47893488042050064,0.1767706871131896
7,120,7,False,0.4322933777278711,0.6316825109747604,0.21810429198553155,0.0765788004216223,0.8929680295106399,0.32715643797829713,0.14285714285714285,0.8091587445126258,0.6183174890252858,0.47291462770155257,0.3683174890252397,0.2806931240854099,0.21810429198553155,0.19084125548734004,0.3039449411174478,0.12211597324827483
7,144,6,True,0.4016224616674057,0.6316825109747604,0.21810429198553155,0.0765788004216223,0.8929680295106399,0.3427489635859776,0.14285714285714285,0.8091587445126258,0.6183174890252858,0.47291462770155257,0.3683174890252397,0.2806931240854099,0.16357821898914854,0.0,-0.5980836156216939,1.3082111148492057
7,120,7,False,0.4108251118705128,0.6316825109747604,0.2181042919855315,0.07040163851954541,0.9035013004510767,0.30275234199749024,0.14285714285714285,0.8091587445126258,0.6183174890252858,0.47291462770155257,0.3683174890252397,0.2520687696089322,0.1417726800482577,0.12405109504222543,-0.38575697170752454,0.8119709904516945
7,144,6,True,0.3908883287387266,0.6316825109747604,0.2181042919855315,0.07040163851954541,0.9035013004510767,0.2731254972801924,0.14285714285714285,0.8091587445126258,0.6183174890252858,0.47291462770155257,0.3683174890252397,0.2520687696089322,0.10632951003619318,0.0,-0.9720957585547517,1.582959426700059
7,300,7,False,0.4106930656588381,0.6906635912876234,0.21810429198553158,0.0934322379853608,0.8216253356652808,0.40244070069788507,0.2857142857142857,0.8091587445126258,0.6183174890252858,0.47291462770155257,0.30933640871237655,0.20028426271961083,0.20028426271961083,0.17524872987965942,-0.5181879891139655,0.334585148902434
7,360,6,True,0.38252809121389286,0.6906635912876234,0.21810429198553158,0.09343223798536081,0.8216253356652808,0.42747623353783604,0.2857142857142857,0.8091587445126258,0.6183174890252858,0.47291462770155257,0.30933640871237655,0.20028426271961083,0.150213197039708,0.0,-1.3465170549652614,1.423771376226258
7,432,5,True,0.35436311676894755,0.6906635912876234,0.21810429198553158,0.0934322379853608,0.8216253356652808,0.26835302186511334,0.2857142857142857,0.8091587445126258,0.6183174890252858,0.47291462770155257,0.30933640871237655,0.12517766419975668,0.0,0.0,-2.3278764733551953,2.1446753592015604
7,72,7,False,0.48090562954650073,0.5089100146328684,0.21810429198553155,0.0802141287130281,0.8843176028276566,0.3885426861494064,0.14285714285714285,0.8091587445126258,0.6183174890252858,0.5183530218652959,0.4910899853671316,0.4262736496089586,0.2932108905053856,0.19084125548734004,2.2068932495250895,-0.006825713069556987
7,72,7,False,0.47017149661782165,0.5089100146328684,0.2181042919855315,0.07433965615613458,0.8948508737680934,0.3165554116245691,0.14285714285714285,0.8091587445126258,0.6183174890252858,0.5183530218652959,0.4910899853671316,0.4262736496089586,0.2741279875210671,0.12405109504222543,1.8912034796331754,0.4082809922830094
7,72,7,False,0.4949881167689734,0.5089100146328684,0.21810429198553155,0.08496729255097711,0.8734188798948772,0.32715643797835164,0.14285714285714285,0.8091587445126258,0.6183174890252858,0.5183530218652959,0.4910899853671316,0.46382694886888565,0.3683174890252396,0.19084125548734004,2.6975729587200563,-0.3672777045572081
7,96,7,False,0.45659950363718593,0.5953317956437657,0.21810429198553155,0.0802141287130281,0.8843176028276566,0.3590521459929205,0.14285714285714285,0.8091587445126258,0.6183174890252858,0.5183530218652959,0.4046682043562343,0.31824642334533704,0.2932108905053856,0.19084125548734004,1.238192466542471,0.06851543345397249
7,96,7,False,0.44586537070850674,0.5953317956437657,0.2181042919855315,0.07433965615613458,0.8948508737680934,0.30614777445240127,0.14285714285714285,0.8091587445126258,0.6183174890252858,0.5183530218652959,0.4046682043562343,0.31824642334533704,0.2741279875210671,0.12405109504222543,0.9225026966505563,0.4836221388065389
7,120,7,False,0.44251701641471325,0.5953317956437657,0.21810429198553155,0.0802141287130281,0.8843176028276566,0.37517766419996595,0.14285714285714285,0.8091587445126258,0.6183174890252858,0.5183530218652959,0.4046682043562343,0.2806931240854099,0.21810429198553155,0.19084125548734004,0.7475127573475036,0.4289674249416239
7,144,6,True,0.4118461003542479,0.5953317956437657,0.21810429198553155,0.0802141287130281,0.8843176028276566,0.33178910949478324,0.14285714285714285,0.8091587445126258,0.6183174890252858,0.5183530218652959,0.4046682043562343,0.2806931240854099,0.16357821898914854,0.0,-0.15451579939163815,1.6150625665425546
7,120,7,False,0.421048750557355,0.5953317956437657,0.2181042919855315,0.0743396561561346,0.8948508737680934,0.38471911569212525,0.14285714285714285,0.8091587445126258,0.6183174890252858,0.5183530218652959,0.4046682043562343,0.2520687696089322,0.1417726800482577,0.12405109504222543,0.05781084452253119,1.1188224421450434
7,144,6,True,0.40111196742556876,0.5953317956437657,0.2181042919855315,0.0743396561561346,0.8948508737680934,0.29611119066196434,0.14285714285714285,0.8091587445126258,0.6183174890252858,0.5183530218652959,0.4046682043562343,0.2520687696089322,0.10632951003619318,0.0,-0.528527942324696,1.8898108783934082
7,120,7,False,0.4565995036371859,0.545260729963863,0.21810429198553155,0.08496729255097711,0.8734188798948772,0.4502842627194928,0.14285714285714285,0.8091587445126258,0.6183174890252858,0.5183530218652959,0.454739270036137,0.34328195618528823,0.21810429198553155,0.19084125548734004,1.3087587761350568,0.38531625909139544
7,144,6,True,0.4259285875767205,0.545260729963863,0.21810429198553155,0.08496729255097711,0.8734188798948772,0.4230212262213018,0.14285714285714285,0.8091587445126258,0.6183174890252858,0.5183530218652959,0.454739270036137,0.34328195618528823,0.16357821898914854,0.0,0.406730219395915,1.5714114006923263
7,96,7,False,0.4847644780821312,0.545260729963863,0.21810429198553155,0.08496729255097711,0.8734188798948772,0.30898108031269095,0.14285714285714285,0.8091587445126258,0.6183174890252858,0.5183530218652959,0.454739270036137,0.4183885547051424,0.3683174890252396,0.19084125548734004,2.290118194524991,-0.33558772388390723
8,12,8,False,0.6012558831889221,0.21810429198556558,0.21810429198553158,0.09935053127802923,0.7688646433890525,0.5994314745605258,0.375,0.7818957080144344,0.7818957080144344,0.7818957080144344,0.7818957080144344,0.5637914160289029,0.4183885547051424,0.20028426271961083,6.915841755410574,1.5031265079416463
8,24,8,False,0.5642150437935808,0.3635071533093259,0.2181042919855315,0.07873257408877599,0.849950372459304,0.5678910949455882,0.25,0.7818957080144344,0.7818957080144344,0.7818957080144344,0.6364928466906741,0.5274407006979083,0.32715643797829735,0.17694324093848016,5.523095963261918,1.8424406096080543
8,24,8,False,0.5693601751744622,0.3635071533093259,0.21810429198553155,0.08305080029006218,0.8415660740508987,0.6913742480867424,0.25,0.7818957080144344,0.7818957080144344,0.7818957080144344,0.6364928466906741,0.5274407006979083,0.32715643797829735,0.21810429198553155,5.669008596036411,1.6324607063072387
8,24,8,False,0.5657032012575026,0.3635071533093259,0.2181042919855315,0.07800785066009451,0.8512026700897001,0.520270056100089,0.25,0.7818957080144344,0.7818957080144344,0.7818957080144344,0.6364928466906741,0.5274407006979083,0.33906169768967215,0.17694324093848016,5.572334313241982,1.7960359434061315
8,24,8,False,0.568620828980144,0.3635071533093259,0.2181042919855315,0.07942249046528588,0.8486608458709838,0.590293121443481,0.25,0.7818957080144344,0.7818957080144344,0.7818957080144344,0.6364928466906741,0.5274407006979083,0.33906169768967215,0.20028426271961083,5.655076368002402,1.6769635346150749
8,24,8,False,0.5682464233453421,0.3635071533093259,0.21810429198553155,0.08438306934905672,0.8386873462465377,0.7270143066185836,0.25,0.7818957080144344,0.7818957080144344,0.7818957080144344,0.6364928466906741,0.5274407006979083,0.31824642334533704,0.21810429198553155,5.632158125785348,1.6671904194693739
8,24,8,False,0.5587049718531829,0.3635071533093259,0.2181042919855315,0.07953659956876478,0.8485442229198714,0.5674215973044054,0.25,0.7818957080144344,0.7818957080144344,0.7818957080144344,0.6364928466906741,0.5274407006979083,0.31824642334533704,0.1417726800482577,5.361568668558977,2.056590206055541
8,96,8,False,0.5528110292027251,0.3635071533093259,0.2181042919855315,0.078732574088776,0.8499503724593042,0.5775117663777022,0.25,0.7818957080144344,0.7818957080144344,0.7818957080144344,0.6364928466906741,0.4362085839710631,0.32715643797829735,0.17694324093848016,5.0856813774402125,2.0069095647659556
8,48,8,False,0.5579561605836065,0.3635071533093259,0.21810429198553155,0.08305080029006218,0.8415660740508987,0.6186728174247536,0.25,0.7818957080144344,0.7818957080144344,0.7818957080144344,0.6364928466906741,0.4362085839710631,0.32715643797829735,0.21810429198553155,5.231594010214706,1.7969296614651402
8,48,8,False,0.5594443180475284,0.3635071533093259,0.2181042919855315,0.07562412050554279,0.8560013928338271,0.43667808161224597,0.25,0.7818957080144344,0.7818957080144344,0.7818957080144344,0.6364928466906741,0.4773696350181145,0.33906169768967215,0.17694324093848016,5.332267380217137,1.8863016979611296
8,48,8,False,0.5623619457701697,0.3635071533093259,0.2181042919855315,0.07708251960942686,0.853459568615111,0.4600191033933767,0.25,0.7818957080144344,0.7818957080144344,0.7818957080144344,0.6364928466906741,0.4773696350181145,0.33906169768967215,0.20028426271961083,5.415009434977557,1.767229289170073
8,48,8,False,0.5610642956783883,0.3635071533093259,0.2181042919855315,0.07640773429644845,0.8544671250575558,0.46259772370600527,0.25,0.7818957080144344,0.7818957080144344,0.7818957080144344,0.6364928466906741,0.4773696350181145,0.3520215187365518,0.17694324093848016,5.385867236067034,1.8357865320347198
8,24,8,False,0.561987540135368,0.3635071533093259,0.21810429198553155,0.08058364901260945,0.8463945511372284,0.554170744597007,0.25,0.7818957080144344,0.7818957080144344,0.7818957080144344,0.6364928466906741,0.4773696350181145,0.31824642334533704,0.21810429198553155,5.392091192760502,1.7574561740243715
8,24,8,False,0.5524460886432088,0.3635071533093259,0.2181042919855315,0.0754936604383557,0.8562514278105621,0.4292790985314325,0.25,0.7818957080144344,0.7818957080144344,0.7818957080144344,0.6364928466906741,0.4773696350181145,0.31824642334533704,0.1417726800482577,5.121501735534132,2.1468559606105386
8,24,8,False,0.570848332638384,0.3635071533093259,0.21810429198553155,0.08188226035093064,0.8431795771604657,0.5779812640188848,0.25,0.7818957080144344,0.7818957080144344,0.7818957080144344,0.6364928466906741,0.4773696350181145,0.38913276336946584,0.21810429198553155,5.6852663526084735,1.4811533442799016
8,24,8,False,0.5657032012575026,0.3635071533093259,0.2181042919855315,0.08150975418491971,0.8437836251985139,0.6073127759568444,0.25,0.7818957080144344,0.7818957080144344,0.7818957080144344,0.6364928466906741,0.4773696350181145,0.38913276336946584,0.17694324093848016,5.53935371983398,1.6911332475807173
8,24,8,False,0.5504090923571363,0.3635071533093259,0.2181042919855315,0.0754652005319879,0.8563007179970658,0.42716997585998656,0.25,0.7818957080144344,0.7818957080144344,0.7818957080144344,0.6364928466906741,0.4773696350181145,0.30195045305675816,0.1417726800482577,5.054104071998314,2.210374865700483
8,24,8,False,0.5548054124684142,0.3635071533093259,0.2181042919855315,0.07643565410856541,0.8544119636906241,0.49587147261016834,0.25,0.7818957080144344,0.7818957080144344,0.7818957080144344,0.6364928466906741,0.4773696350181145,0.30195045305675816,0.17694324093848016,5.178780896450191,2.0309549824151314
8,24,8,False,0.5739928466907307,0.4362085839710971,0.21810429198553158,0.09935053127802923,0.7688646433890525,0.8902371972080467,0.375,0.7818957080144344,0.7818957080144344,0.7818957080144344,0.5637914160289029,0.5637914160289029,0.4183885547051424,0.20028426271961083,5.778246035944481,1.201781234323881
8,36,8,False,0.5558174890252606,0.4362085839710971,0.21810429198553158,0.09935053127802923,0.7688646433890525,0.890237197208047,0.375,0.7818957080144344,0.7818957080144344,0.7818957080144344,0.5637914160289029,0.4183885547051424,0.4183885547051424,0.20028426271961083,5.081108507571112,1.4639066517411805
8,24,8,False,0.545527226263525,0.4362085839710971,0.21810429198553155,0.08581035163024059,0.8356260642955916,0.6721329052225153,0.25,0.7818957080144344,0.7818957080144344,0.7818957080144344,0.5637914160289029,0.4183885547051424,0.31824642334533704,0.21810429198553155,4.730106406350598,1.7633360579930957
8,24,8,False,0.5359857747713658,0.4362085839710971,0.2181042919855315,0.08104927343967898,0.8454829409689255,0.6652034197828849,0.25,0.7818957080144344,0.7818957080144344,0.7818957080144344,0.5637914160289029,0.4183885547051424,0.31824642334533704,0.1417726800482577,4.459516949124227,2.152735844579263
8,60,8,False,0.5285544525270691,0.4362085839710971,0.21810429198553158,0.09935053127802923,0.7688646433890525,0.9999999999997475,0.375,0.7818957080144344,0.7818957080144344,0.7818957080144344,0.5637914160289029,0.4183885547051424,0.20028426271961083,0.20028426271961083,4.179062208599809,2.3140398795887993
8,72,7,True,0.5035189196871178,0.4362085839710971,0.21810429198553158,0.09935053127802923,0.7688646433890525,0.7997157372801367,0.375,0.7818957080144344,0.7818957080144344,0.7818957080144344,0.5637914160289029,0.4183885547051424,0.20028426271961083,-0.0,3.4690705214752358,3.3357744818093553
8,24,8,False,0.5546149050962736,0.4362085839710971,0.21810429198553155,0.08866882764920354,0.827531124986801,0.8724171679425615,0.25,0.7818957080144344,0.7818957080144344,0.7818957080144344,0.5637914160289029,0.4910899853671316,0.31824642334533704,0.21810429198553155,5.078675170537804,1.6322733492842494
8,24,8,False,0.5450734536041144,0.4362085839710971,0.2181042919855315,0.08406978812200304,0.8373880016601349,0.7200848211789528,0.25,0.7818957080144344,0.7818957080144344,0.7818957080144344,0.5637914160289029,0.4910899853671316,0.31824642334533704,0.1417726800482577,4.808085713311433,2.0216731358704165
8,24,8,False,0.5671326715162494,0.4362085839710971,0.21810429198553155,0.09246163290876719,0.8173322638303077,0.7270143066185832,0.25,0.7818957080144344,0.7818957080144344,0.7818957080144344,0.5637914160289029,0.4910899853671316,0.4183885547051424,0.21810429198553155,5.492847849772393,1.2419364485225755
8,48,8,False,0.5460396861281107,0.3635071533093259,0.2181042919855315,0.07873257408877599,0.849950372459304,0.7859953869311198,0.25,0.7818957080144344,0.7818957080144344,0.6364928466906741,0.6364928466906741,0.5274407006979083,0.32715643797829735,0.17694324093848016,4.710396668376755,1.0212334434536987
8,48,8,False,0.5511848175089922,0.3635071533093259,0.21810429198553155,0.08305080029006218,0.8415660740508987,0.909478540072274,0.25,0.7818957080144344,0.7818957080144344,0.6364928466906741,0.6364928466906741,0.5274407006979083,0.32715643797829735,0.21810429198553155,4.856309301151248,0.811253540152883
8,48,8,False,0.5475278435920325,0.3635071533093259,0.2181042919855315,0.07800785066009451,0.8512026700897001,0.7383743480856205,0.25,0.7818957080144344,0.7818957080144344,0.6364928466906741,0.6364928466906741,0.5274407006979083,0.33906169768967215,0.17694324093848016,4.7596350183568195,0.9748287772517761
8,48,8,False,0.5504454713146739,0.3635071533093259,0.2181042919855315,0.07942249046528588,0.8486608458709838,0.8083974134290126,0.25,0.7818957080144344,0.7818957080144344,0.6364928466906741,0.6364928466906741,0.5274407006979083,0.33906169768967215,0.20028426271961083,4.842377073117239,0.8557563684607195
8,48,8,False,0.5500710656798721,0.3635071533093259,0.21810429198553155,0.08438306934905672,0.8386873462465377,0.9451185986041152,0.25,0.7818957080144344,0.7818957080144344,0.6364928466906741,0.6364928466906741,0.5274407006979083,0.31824642334533704,0.21810429198553155,4.819458830900185,0.8459832533150181
8,48,8,False,0.5405296141877128,0.3635071533093259,0.2181042919855315,0.07953659956876478,0.8485442229198714,0.785525889289937,0.25,0.7818957080144344,0.7818957080144344,0.6364928466906741,0.6364928466906741,0.5274407006979083,0.31824642334533704,0.1417726800482577,4.548869373673814,1.2353830399011856
8,192,8,False,0.5346356715372551,0.3635071533093259,0.2181042919855315,0.078732574088776,0.8499503724593042,0.8683174890252229,0.25,0.7818957080144344,0.7818957080144344,0.6364928466906741,0.6364928466906741,0.4362085839710631,0.32715643797829735,0.17694324093848016,4.27298208255505,1.1857023986115998
8,96,8,False,0.5397808029181365,0.3635071533093259,0.21810429198553155,0.08305080029006218,0.8415660740508987,0.9094785400722742,0.25,0.7818957080144344,0.7818957080144344,0.6364928466906741,0.6364928466906741,0.4362085839710631,0.32715643797829735,0.21810429198553155,4.418894715329543,0.975722495310784
8,96,8,False,0.5412689603820584,0.3635071533093259,0.2181042919855315,0.07562412050554279,0.8560013928338271,0.7274838042597667,0.25,0.7818957080144344,0.7818957080144344,0.6364928466906741,0.6364928466906741,0.4773696350181145,0.33906169768967215,0.17694324093848016,4.519568085331975,1.065094531806774
8,96,8,False,0.5441865881046997,0.3635071533093259,0.2181042919855315,0.07708251960942686,0.853459568615111,0.7508248260408974,0.25,0.7818957080144344,0.7818957080144344,0.6364928466906741,0.6364928466906741,0.4773696350181145,0.33906169768967215,0.20028426271961083,4.602310140092395,0.9460221230157173
8,96,8,False,0.5428889380129183,0.3635071533093259,0.2181042919855315,0.07640773429644845,0.8544671250575558,0.7534034463535259,0.25,0.7818957080144344,0.7818957080144344,0.6364928466906741,0.6364928466906741,0.4773696350181145,0.3520215187365518,0.17694324093848016,4.573167941181871,1.014579365880364
8,48,8,False,0.5438121824698978,0.3635071533093259,0.21810429198553155,0.08058364901260945,0.8463945511372284,0.8449764672445277,0.25,0.7818957080144344,0.7818957080144344,0.6364928466906741,0.6364928466906741,0.4773696350181145,0.31824642334533704,0.21810429198553155,4.5793918978753405,0.936249007870016
8,48,8,False,0.5342707309777386,0.3635071533093259,0.2181042919855315,0.0754936604383557,0.8562514278105621,0.7200848211789532,0.25,0.7818957080144344,0.7818957080144344,0.6364928466906741,0.6364928466906741,0.4773696350181145,0.31824642334533704,0.1417726800482577,4.30880244064897,1.3256487944561834
8,48,8,False,0.552672974972914,0.3635071533093259,0.21810429198553155,0.08188226035093064,0.8431795771604657,0.8687869866664053,0.25,0.7818957080144344,0.7818957080144344,0.6364928466906741,0.6364928466906741,0.4773696350181145,0.38913276336946584,0.21810429198553155,4.872567057723312,0.6599461781255459
8,48,8,False,0.5475278435920325,0.3635071533093259,0.2181042919855315,0.08150975418491971,0.8437836251985139,0.898118498604365,0.25,0.7818957080144344,0.7818957080144344,0.6364928466906741,0.6364928466906741,0.4773696350181145,0.38913276336946584,0.17694324093848016,4.726654424948818,0.8699260814263616
8,48,8,False,0.5322337346916663,0.3635071533093259,0.2181042919855315,0.0754652005319879,0.8563007179970658,0.7179756985075072,0.25,0.7818957080144344,0.7818957080144344,0.6364928466906741,0.6364928466906741,0.4773696350181145,0.30195045305675816,0.1417726800482577,4.241404777113151,1.3891676995461277
8,48,8,False,0.5366300548029441,0.3635071533093259,0.2181042919855315,0.07643565410856541,0.8544119636906241,0.786677195257689,0.25,0.7818957080144344,0.7818957080144344,0.6364928466906741,0.6364928466906741,0.4773696350181145,0.30195045305675816,0.17694324093848016,4.366081601565028,1.209747816260776
8,72,8,False,0.532408167879015,0.47255929930209173,0.2181042919855315,0.07873257408877599,0.849950372459304,0.7859953869311198,0.25,0.7818957080144344,0.7818957080144344,0.6364928466906741,0.5274407006979083,0.5274407006979083,0.32715643797829735,0.17694324093848016,4.1415988086437086,0.870560806644816
8,72,8,False,0.5375532992598964,0.47255929930209173,0.21810429198553155,0.08305080029006218,0.8415660740508987,0.909478540072274,0.25,0.7818957080144344,0.7818957080144344,0.6364928466906741,0.5274407006979083,0.5274407006979083,0.32715643797829735,0.21810429198553155,4.287511441418202,0.6605809033440003
8,72,8,False,0.5338963253429369,0.47255929930209173,0.2181042919855315,0.07800785066009452,0.8512026700897001,0.7383743480856205,0.25,0.7818957080144344,0.7818957080144344,0.6364928466906741,0.5274407006979083,0.5274407006979083,0.33906169768967215,0.17694324093848016,4.190837158623773,0.8241561404428934
8,72,8,False,0.5368139530655782,0.47255929930209173,0.2181042919855315,0.07942249046528588,0.8486608458709838,0.8083974134290126,0.25,0.7818957080144344,0.7818957080144344,0.6364928466906741,0.5274407006979083,0.5274407006979083,0.33906169768967215,0.20028426271961083,4.273579213384193,0.7050837316518368
8,72,8,False,0.5364395474307764,0.47255929930209173,0.21810429198553155,0.08438306934905672,0.8386873462465377,0.9451185986041152,0.25,0.7818957080144344,0.7818957080144344,0.6364928466906741,0.5274407006979083,0.5274407006979083,0.31824642334533704,0.21810429198553155,4.250660971167139,0.6953106165061355
8,72,8,False,0.5268980959386171,0.47255929930209173,0.2181042919855315,0.07953659956876478,0.8485442229198714,0.785525889289937,0.25,0.7818957080144344,0.7818957080144344,0.6364928466906741,0.5274407006979083,0.5274407006979083,0.31824642334533704,0.1417726800482577,3.980071513940768,1.084710403092303
8,96,8,False,0.5073726350390637,0.47255929930209173,0.2181042919855315,0.07873257408877599,0.849950372459304,0.8683174890252225,0.25,0.7818957080144344,0.7818957080144344,0.6364928466906741,0.5274407006979083,0.32715643797829735,0.32715643797829735,0.17694324093848016,3.181331076542238,1.2316238248655933
8,96,8,False,0.5125177664199451,0.47255929930209173,0.21810429198553155,0.08305080029006218,0.8415660740508987,0.909478540072274,0.25,0.7818957080144344,0.7818957080144344,0.6364928466906741,0.5274407006979083,0.32715643797829735,0.32715643797829735,0.21810429198553155,3.3272437093167313,1.0216439215647777
8,120,8,False,0.4885959854090865,0.47255929930209173,0.2181042919855315,0.07873257408877599,0.849950372459304,0.8683174890252225,0.25,0.7818957080144344,0.7818957080144344,0.6364928466906741,0.5274407006979083,0.32715643797829735,0.17694324093848016,0.17694324093848016,2.5600720576899043,1.8171291760085297
8,144,7,True,0.46647808029177645,0.47255929930209173,0.2181042919855315,0.07873257408877599,0.849950372459304,0.7448343358840683,0.25,0.7818957080144344,0.7818957080144344,0.6364928466906741,0.5274407006979083,0.32715643797829735,0.17694324093848016,-0.0,1.9328224253257513,2.719791369438029
8,120,8,False,0.4988862481708493,0.47255929930209173,0.21810429198553155,0.08305080029006218,0.8415660740508987,0.909478540072274,0.25,0.7818957080144344,0.7818957080144344,0.6364928466906741,0.5274407006979083,0.32715643797829735,0.21810429198553155,0.21810429198553155,2.8762205598310793,1.4467105354885874
8,144,7,True,0.47162321167265786,0.47255929930209173,0.21810429198553155,0.08305080029006218,0.8415660740508987,0.909478540072274,0.25,0.7818957080144344,0.7818957080144344,0.6364928466906741,0.5274407006979083,0.32715643797829735,0.21810429198553155,-0.0,2.103058294692433,2.559352632218902
8,96,8,False,0.5103489499669074,0.47255929930209173,0.2181042919855315,0.07800785066009452,0.8512026700897001,0.844506969602473,0.25,0.7818957080144344,0.7818957080144344,0.6364928466906741,0.5274407006979083,0.33906169768967215,0.33906169768967215,0.17694324093848016,3.2876494815794763,1.1637569182174057
8,96,8,False,0.5132665776895486,0.47255929930209173,0.2181042919855315,0.07942249046528588,0.8486608458709838,0.8678479913836037,0.25,0.7818957080144344,0.7818957080144344,0.6364928466906741,0.5274407006979083,0.33906169768967215,0.33906169768967215,0.20028426271961083,3.370391536339896,1.044684509426349
8,120,8,False,0.49008414287300833,0.47255929930209173,0.2181042919855315,0.07800785066009452,0.8512026700897001,0.844506969602473,0.25,0.7818957080144344,0.7818957080144344,0.6364928466906741,0.5274407006979083,0.33906169768967215,0.17694324093848016,0.17694324093848016,2.6171521127470783,1.795666935562265
8,144,7,True,0.4679662377556983,0.47255929930209173,0.2181042919855315,0.07800785066009452,0.8512026700897001,0.6972132970385692,0.25,0.7818957080144344,0.7818957080144344,0.6364928466906741,0.5274407006979083,0.33906169768967215,0.17694324093848016,-0.0,1.9899024803829253,2.698329128991764
8,120,8,False,0.495919398318291,0.47255929930209173,0.2181042919855315,0.07942249046528588,0.8486608458709838,0.8678479913836037,0.25,0.7818957080144344,0.7818957080144344,0.6364928466906741,0.5274407006979083,0.33906169768967215,0.20028426271961083,0.20028426271961083,2.7964290963720533,1.585615215876352
8,144,7,True,0.47088386547833966,0.47255929930209173,0.2181042919855315,0.07942249046528588,0.8486608458709838,0.7905773841630919,0.25,0.7818957080144344,0.7818957080144344,0.6364928466906741,0.5274407006979083,0.33906169768967215,0.20028426271961083,-0.0,2.0864374092474804,2.6073498180969077
8,96,8,False,0.510290262761705,0.47255929930209173,0.21810429198553155,0.08438306934905672,0.8386873462465377,0.9272985693381947,0.25,0.7818957080144344,0.7818957080144344,0.6364928466906741,0.5274407006979083,0.31824642334533704,0.31824642334533704,0.21810429198553155,3.2476739588366383,1.0724361886794003
8,96,8,False,0.5007488112695457,0.47255929930209173,0.2181042919855315,0.07953659956876478,0.8485442229198714,0.9203690838985641,0.25,0.7818957080144344,0.7818957080144344,0.6364928466906741,0.5274407006979083,0.31824642334533704,0.31824642334533704,0.1417726800482577,2.9770845016102676,1.4618359752655676
8,120,8,False,0.49777249634172926,0.47255929930209173,0.21810429198553155,0.08438306934905672,0.8386873462465377,0.9272985693381945,0.25,0.7818957080144344,0.7818957080144344,0.6364928466906741,0.5274407006979083,0.31824642334533704,0.21810429198553155,0.21810429198553155,2.833501279602049,1.4627730894410746
8,144,7,True,0.47050945984353787,0.47255929930209173,0.21810429198553155,0.08438306934905672,0.8386873462465377,0.9451185986041151,0.25,0.7818957080144344,0.7818957080144344,0.6364928466906741,0.5274407006979083,0.31824642334533704,0.21810429198553155,-0.0,2.060339014463403,2.5754151861713894
8,120,8,False,0.4786895933574108,0.47255929930209173,0.2181042919855315,0.0795365995687648,0.8485442229198714,0.8509669574009208,0.25,0.7818957080144344,0.7818957080144344,0.6364928466906741,0.5274407006979083,0.31824642334533704,0.1417726800482577,0.1417726800482577,2.2472158431003173,2.1497004443859207
8,144,7,True,0.46096800835137863,0.47255929930209173,0.2181042919855315,0.0795365995687648,0.8485442229198714,0.7091942773526632,0.25,0.7818957080144344,0.7818957080144344,0.6364928466906741,0.5274407006979083,0.31824642334533704,0.1417726800482577,-0.0,1.7446430351880418,2.8729427545300683
8,288,8,False,0.5096001386973037,0.5637914160289369,0.2181042919855315,0.07873257408877599,0.8499503724593042,0.7956160583632336,0.25,0.7818957080144344,0.7818957080144344,0.6364928466906741,0.4362085839710631,0.4362085839710631,0.32715643797829735,0.17694324093848016,3.228332672531673,0.908978289236543
8,144,8,False,0.5147452700781852,0.5637914160289369,0.21810429198553155,0.08305080029006218,0.8415660740508987,0.8367771094102849,0.25,0.7818957080144344,0.7818957080144344,0.6364928466906741,0.4362085839710631,0.4362085839710631,0.32715643797829735,0.21810429198553155,3.3742453053061663,0.6989983859357273
8,384,8,False,0.49596862044820794,0.5637914160289369,0.2181042919855315,0.07873257408877599,0.8499503724593042,0.7956160583632337,0.25,0.7818957080144344,0.7818957080144344,0.6364928466906741,0.4362085839710631,0.32715643797829735,0.32715643797829735,0.17694324093848016,2.705479526251908,1.1055723522994192
8,192,8,False,0.5011137518290893,0.5637914160289369,0.21810429198553155,0.08305080029006218,0.8415660740508987,0.8367771094102852,0.25,0.7818957080144344,0.7818957080144344,0.6364928466906741,0.4362085839710631,0.32715643797829735,0.32715643797829735,0.21810429198553155,2.851392159026401,0.8955924489986035
8,480,8,False,0.47719197081823084,0.5637914160289369,0.2181042919855315,0.078732574088776,0.8499503724593042,0.8779381604573365,0.25,0.7818957080144344,0.7818957080144344,0.6364928466906741,0.4362085839710631,0.32715643797829735,0.17694324093848016,0.17694324093848016,2.0842205073995737,1.6910777034423556
8,576,7,True,0.4550740657009208,0.5637914160289369,0.2181042919855315,0.078732574088776,0.8499503724593042,0.7544550073161823,0.25,0.7818957080144344,0.7818957080144344,0.6364928466906741,0.4362085839710631,0.32715643797829735,0.17694324093848016,-0.0,1.4569708750354209,2.593739896871855
8,240,8,False,0.48748223357999365,0.5637914160289369,0.21810429198553155,0.08305080029006218,0.8415660740508987,0.8367771094102852,0.25,0.7818957080144344,0.7818957080144344,0.6364928466906741,0.4362085839710631,0.32715643797829735,0.21810429198553155,0.21810429198553155,2.400369009540749,1.3206590629224133
8,288,7,True,0.4602191970818022,0.5637914160289369,0.21810429198553155,0.08305080029006218,0.8415660740508987,0.8367771094102852,0.25,0.7818957080144344,0.7818957080144344,0.6364928466906741,0.4362085839710631,0.32715643797829735,0.21810429198553155,-0.0,1.6272067444021028,2.433301159652728
8,192,8,False,0.5040900667569331,0.5226303649818855,0.2181042919855315,0.07562412050554279,0.8560013928338271,0.7132939562691307,0.25,0.7818957080144344,0.7818957080144344,0.6364928466906741,0.4773696350181145,0.33906169768967215,0.33906169768967215,0.17694324093848016,3.0264871290742006,1.094575890873792
8,192,8,False,0.5070076944795745,0.5226303649818855,0.2181042919855315,0.07708251960942686,0.853459568615111,0.7366349780502615,0.25,0.7818957080144344,0.7818957080144344,0.6364928466906741,0.4773696350181145,0.33906169768967215,0.33906169768967215,0.20028426271961083,3.1092291838346204,0.9755034820827353
8,240,8,False,0.48382525966303414,0.5226303649818855,0.2181042919855315,0.07562412050554279,0.8560013928338271,0.7609149951146299,0.25,0.7818957080144344,0.7818957080144344,0.6364928466906741,0.4773696350181145,0.33906169768967215,0.17694324093848016,0.17694324093848016,2.355989760241802,1.7264859082186514
8,288,7,True,0.4617073545457241,0.5226303649818855,0.2181042919855315,0.07562412050554279,0.8560013928338271,0.6136213225507261,0.25,0.7818957080144344,0.7818957080144344,0.6364928466906741,0.4773696350181145,0.33906169768967215,0.17694324093848016,-0.0,1.728740127877649,2.6291481016481506
8,240,8,False,0.48966051510831676,0.5226303649818855,0.2181042919855315,0.07708251960942686,0.853459568615111,0.7375739733334994,0.25,0.7818957080144344,0.7818957080144344,0.6364928466906741,0.4773696350181145,0.33906169768967215,0.20028426271961083,0.20028426271961083,2.5352667438667775,1.5164341885327384
8,288,7,True,0.4646249822683654,0.5226303649818855,0.2181042919855315,0.07708251960942686,0.853459568615111,0.6603033661129876,0.25,0.7818957080144344,0.7818957080144344,0.6364928466906741,0.4773696350181145,0.33906169768967215,0.20028426271961083,-0.0,1.8252750567422047,2.538168790753294
8,144,8,False,0.5213785589229885,0.5226303649818855,0.2181042919855315,0.07562412050554279,0.8560013928338271,0.7132939562691307,0.25,0.7818957080144344,0.7818957080144344,0.6364928466906741,0.4773696350181145,0.4773696350181145,0.33906169768967215,0.17694324093848016,3.689607873093652,0.8452408676542775
8,144,8,False,0.5242961866456297,0.5226303649818855,0.2181042919855315,0.07708251960942686,0.853459568615111,0.7366349780502615,0.25,0.7818957080144344,0.7818957080144344,0.6364928466906741,0.4773696350181145,0.4773696350181145,0.33906169768967215,0.20028426271961083,3.772349927854072,0.7261684588632209
8,144,8,False,0.5229985365538483,0.5226303649818855,0.2181042919855315,0.07640773429644847,0.8544671250575558,0.7132939562691307,0.25,0.7818957080144344,0.7818957080144344,0.6364928466906741,0.4773696350181145,0.4773696350181145,0.3520215187365518,0.17694324093848016,3.743207728943548,0.7947257017278677
8,240,8,False,0.48544523729389405,0.5226303649818855,0.2181042919855315,0.07640773429644847,0.8544671250575558,0.8127542793021485,0.25,0.7818957080144344,0.7818957080144344,0.6364928466906741,0.4773696350181145,0.3520215187365518,0.17694324093848016,0.17694324093848016,2.4181259350772177,1.7031225543572532
8,288,7,True,0.46332733217658406,0.5226303649818855,0.2181042919855315,0.07640773429644847,0.8544671250575558,0.6395409646444854,0.25,0.7818957080144344,0.7818957080144344,0.6364928466906741,0.4773696350181145,0.3520215187365518,0.17694324093848016,-0.0,1.7908763027130647,2.6057847477867524
8,192,8,False,0.507330022018653,0.5226303649818855,0.2181042919855315,0.07640773429644847,0.8544671250575558,0.7132939562691307,0.25,0.7818957080144344,0.7818957080144344,0.6364928466906741,0.4773696350181145,0.3520215187365518,0.3520215187365518,0.17694324093848016,3.1422231597595123,1.0206973710859837
8,72,8,False,0.5239217810108279,0.5226303649818855,0.21810429198553155,0.08058364901260945,0.8463945511372284,0.8724171679421261,0.25,0.7818957080144344,0.7818957080144344,0.6364928466906741,0.4773696350181145,0.4773696350181145,0.31824642334533704,0.21810429198553155,3.749431685637018,0.7163953437175198
8,72,8,False,0.5143803295186686,0.5226303649818855,0.2181042919855315,0.0754936604383557,0.8562514278105621,0.7475255218765515,0.25,0.7818957080144344,0.7818957080144344,0.6364928466906741,0.4773696350181145,0.4773696350181145,0.31824642334533704,0.1417726800482577,3.478842228410647,1.1057951303036873
8,72,8,False,0.5327825735138441,0.5226303649818855,0.21810429198553155,0.08188226035093064,0.8431795771604657,0.7544550073161822,0.25,0.7818957080144344,0.7818957080144344,0.6364928466906741,0.4773696350181145,0.4773696350181145,0.38913276336946584,0.21810429198553155,4.042606845484989,0.4400925139730497
8,72,8,False,0.5276374421329626,0.5226303649818855,0.2181042919855315,0.08150975418491971,0.8437836251985139,0.7837865192541418,0.25,0.7818957080144344,0.7818957080144344,0.6364928466906741,0.4773696350181145,0.4773696350181145,0.38913276336946584,0.17694324093848016,3.8966942127104955,0.6500724172738654
8,72,8,False,0.5123433332325964,0.5226303649818855,0.2181042919855315,0.0754652005319879,0.8563007179970658,0.7454163992051057,0.25,0.7818957080144344,0.7818957080144344,0.6364928466906741,0.4773696350181145,0.4773696350181145,0.30195045305675816,0.1417726800482577,3.4114445648748277,1.1693140353936315
8,72,8,False,0.5167396533438742,0.5226303649818855,0.2181042919855315,0.07643565410856541,0.8544119636906241,0.8141178959552875,0.25,0.7818957080144344,0.7818957080144344,0.6364928466906741,0.4773696350181145,0.4773696350181145,0.30195045305675816,0.17694324093848016,3.536121389326705,0.9898941521082798
8,96,8,False,0.5040313795517307,0.5226303649818855,0.21810429198553155,0.08058364901260945,0.8463945511372284,0.754455007316618,0.25,0.7818957080144344,0.7818957080144344,0.6364928466906741,0.4773696350181145,0.31824642334533704,0.31824642334533704,0.21810429198553155,2.986511606331362,1.0032551613357867
8,96,8,False,0.4944899280595715,0.5226303649818855,0.2181042919855315,0.0754936604383557,0.8562514278105621,0.7475255218769874,0.25,0.7818957080144344,0.7818957080144344,0.6364928466906741,0.4773696350181145,0.31824642334533704,0.31824642334533704,0.1417726800482577,2.7159221491049914,1.392654947921954
8,120,8,False,0.49151361313175507,0.5226303649818855,0.21810429198553155,0.08058364901260945,0.8463945511372284,0.7544550073166181,0.25,0.7818957080144344,0.7818957080144344,0.6364928466906741,0.4773696350181145,0.31824642334533704,0.21810429198553155,0.21810429198553155,2.572338927096774,1.3935920620974616
8,144,7,True,0.4642505766335636,0.5226303649818855,0.21810429198553155,0.08058364901260945,0.8463945511372284,0.7722750365825386,0.25,0.7818957080144344,0.7818957080144344,0.6364928466906741,0.4773696350181145,0.31824642334533704,0.21810429198553155,-0.0,1.7991766619581275,2.5062341588277763
8,120,8,False,0.4724307101474366,0.5226303649818855,0.2181042919855315,0.0754936604383557,0.8562514278105621,0.7128244586279479,0.25,0.7818957080144344,0.7818957080144344,0.6364928466906741,0.4773696350181145,0.31824642334533704,0.1417726800482577,0.1417726800482577,1.9860534905950422,2.0805194170423076
8,144,7,True,0.4547091251414044,0.5226303649818855,0.2181042919855315,0.0754936604383557,0.8562514278105621,0.5710517785796901,0.25,0.7818957080144344,0.7818957080144344,0.6364928466906741,0.4773696350181145,0.31824642334533704,0.1417726800482577,-0.0,1.4834806826827662,2.803761727186455
8,120,8,False,0.5003744056347712,0.5226303649818855,0.21810429198553155,0.08188226035093064,0.8431795771604657,0.9200382067867534,0.25,0.7818957080144344,0.7818957080144344,0.6364928466906741,0.4773696350181145,0.38913276336946584,0.21810429198553155,0.21810429198553155,2.9122051954078225,1.265801513143711
8,144,7,True,0.4731113691365797,0.5226303649818855,0.21810429198553155,0.08188226035093064,0.8431795771604657,0.7960855560044164,0.25,0.7818957080144344,0.7818957080144344,0.6364928466906741,0.4773696350181145,0.38913276336946584,0.21810429198553155,-0.0,2.1390429302691762,2.378443609874026
8,96,8,False,0.521752964557763,0.5226303649818855,0.21810429198553155,0.08188226035093064,0.8431795771604657,0.7544550073161822,0.25,0.7818957080144344,0.7818957080144344,0.6364928466906741,0.4773696350181145,0.38913276336946584,0.38913276336946584,0.21810429198553155,3.619553034490382,0.5991617826375665
8,96,8,False,0.5166078331768815,0.5226303649818855,0.2181042919855315,0.08150975418491971,0.8437836251985139,0.7837865192541418,0.25,0.7818957080144344,0.7818957080144344,0.6364928466906741,0.4773696350181145,0.38913276336946584,0.38913276336946584,0.17694324093848016,3.4736404017158886,0.8091416859383822
8,144,7,True,0.4679662377556983,0.5226303649818855,0.2181042919855315,0.08150975418491971,0.8437836251985139,0.7842560168953245,0.25,0.7818957080144344,0.7818957080144344,0.6364928466906741,0.4773696350181145,0.38913276336946584,0.17694324093848016,-0.0,1.9688070609024941,2.538882347093153
8,120,8,False,0.4900841428730083,0.5226303649818855,0.2181042919855315,0.08150975418491971,0.8437836251985139,0.9611992578338047,0.25,0.7818957080144344,0.7818957080144344,0.6364928466906741,0.4773696350181145,0.38913276336946584,0.17694324093848016,0.17694324093848016,2.596056693266647,1.6362201536636538
8,96,8,False,0.4904159354874268,0.5226303649818855,0.2181042919855315,0.0754652005319879,0.8563007179970658,0.7475255218769874,0.25,0.7818957080144344,0.7818957080144344,0.6364928466906741,0.4773696350181145,0.30195045305675816,0.30195045305675816,0.1417726800482577,2.5703930626659472,1.4855514593067454
8,96,8,False,0.49481225559870456,0.5226303649818855,0.2181042919855315,0.07643565410856541,0.8544119636906241,0.7458858968467243,0.25,0.7818957080144344,0.7818957080144344,0.6364928466906741,0.4773696350181145,0.30195045305675816,0.30195045305675816,0.17694324093848016,2.6950698871178247,1.3061315760213936
8,120,8,False,0.47039371386136425,0.5226303649818855,0.2181042919855315,0.0754652005319879,0.8563007179970658,0.7107153359565019,0.25,0.7818957080144344,0.7818957080144344,0.6364928466906741,0.4773696350181145,0.30195045305675816,0.1417726800482577,0.1417726800482577,1.907922067691817,2.109897023337154
8,144,7,True,0.45267212885533203,0.5226303649818855,0.2181042919855315,0.0754652005319879,0.8563007179970658,0.5689426559082442,0.25,0.7818957080144344,0.7818957080144344,0.6364928466906741,0.4773696350181145,0.30195045305675816,0.1417726800482577,-0.0,1.405349259779541,2.8331393334813018
8,144,7,True,0.4570684489666098,0.5226303649818855,0.2181042919855315,0.07643565410856541,0.8544119636906241,0.6728147135486485,0.25,0.7818957080144344,0.7818957080144344,0.6364928466906741,0.4773696350181145,0.30195045305675816,0.17694324093848016,-0.0,1.5508093696882201,2.69605050234175
8,120,8,False,0.47918635408391985,0.5226303649818855,0.2181042919855315,0.07643565410856541,0.8544119636906241,0.7458858968467243,0.25,0.7818957080144344,0.7818957080144344,0.6364928466906741,0.4773696350181145,0.30195045305675816,0.17694324093848016,0.17694324093848016,2.178059002052373,1.7933883089122509
8,48,8,False,0.5467298101925393,0.4362085839710971,0.21810429198553158,0.09935053127802923,0.7688646433890525,0.8902371972080467,0.375,0.7818957080144344,0.7818957080144344,0.5637914160289029,0.5637914160289029,0.5637914160289029,0.4183885547051424,0.20028426271961083,4.559197093617347,-0.03002951490703665
8,72,8,False,0.5285544525270692,0.4362085839710971,0.21810429198553158,0.09935053127802923,0.7688646433890525,1.1810429198555679,0.375,0.7818957080144344,0.7818957080144344,0.5637914160289029,0.5637914160289029,0.4183885547051424,0.4183885547051424,0.20028426271961083,3.8620595652439778,0.23209590251026266
8,48,8,False,0.5182641897653336,0.4362085839710971,0.21810429198553155,0.08581035163024059,0.8356260642955916,0.9629386278700363,0.25,0.7818957080144344,0.7818957080144344,0.5637914160289029,0.5637914160289029,0.4183885547051424,0.31824642334533704,0.21810429198553155,3.511057464023463,0.5315253087621777
8,48,8,False,0.5087227382731744,0.4362085839710971,0.2181042919855315,0.08104927343967898,0.8454829409689255,0.9560091424304058,0.25,0.7818957080144344,0.7818957080144344,0.5637914160289029,0.5637914160289029,0.4183885547051424,0.31824642334533704,0.1417726800482577,3.240468006797092,0.9209250953483453
8,120,8,False,0.5012914160288777,0.4362085839710971,0.21810429198553158,0.09935053127802923,0.7688646433890525,1.2908057226472684,0.375,0.7818957080144344,0.7818957080144344,0.5637914160289029,0.5637914160289029,0.4183885547051424,0.20028426271961083,0.20028426271961083,2.960013266272674,1.082229130357882
8,144,7,True,0.4762558831889264,0.4362085839710971,0.21810429198553158,0.09935053127802923,0.7688646433890525,1.0905214599276576,0.375,0.7818957080144344,0.7818957080144344,0.5637914160289029,0.5637914160289029,0.4183885547051424,0.20028426271961083,-0.0,2.2500215791481013,2.1039637325784377
8,48,8,False,0.5273518685980823,0.4362085839710971,0.21810429198553155,0.08866882764920354,0.827531124986801,1.0178200292661042,0.25,0.7818957080144344,0.7818957080144344,0.5637914160289029,0.5637914160289029,0.4910899853671316,0.31824642334533704,0.21810429198553155,3.85962622821067,0.4004626000533317
8,48,8,False,0.517810417105923,0.4362085839710971,0.2181042919855315,0.08406978812200304,0.8373880016601349,0.8654876825024955,0.25,0.7818957080144344,0.7818957080144344,0.5637914160289029,0.5637914160289029,0.4910899853671316,0.31824642334533704,0.1417726800482577,3.589036770984299,0.7898623866394993
8,48,8,False,0.539869635018058,0.4362085839710971,0.21810429198553155,0.09246163290876719,0.8173322638303077,0.872417167942126,0.25,0.7818957080144344,0.7818957080144344,0.5637914160289029,0.5637914160289029,0.4910899853671316,0.4183885547051424,0.21810429198553155,4.273798907445258,0.01012569929165752
8,108,8,False,0.510379094861599,0.5816114452948575,0.21810429198553158,0.09935053127802923,0.7688646433890525,0.890237197208047,0.375,0.7818957080144344,0.7818957080144344,0.5637914160289029,0.4183885547051424,0.4183885547051424,0.4183885547051424,0.20028426271961083,3.1036624189328688,0.031199053431651965
8,72,8,False,0.5000888320998635,0.5816114452948575,0.21810429198553155,0.08581035163024059,0.8356260642955916,0.8724171679421262,0.25,0.7818957080144344,0.7818957080144344,0.5637914160289029,0.4183885547051424,0.4183885547051424,0.31824642334533704,0.21810429198553155,2.752660317712354,0.330628459683567
8,72,8,False,0.49054738060770425,0.5816114452948575,0.2181042919855315,0.08104927343967898,0.8454829409689255,0.8654876825024957,0.25,0.7818957080144344,0.7818957080144344,0.5637914160289029,0.4183885547051424,0.4183885547051424,0.31824642334533704,0.1417726800482577,2.482070860485983,0.7200282462697346
8,180,8,False,0.48311605836340765,0.5816114452948575,0.21810429198553158,0.09935053127802923,0.7688646433890525,1.2908057226472687,0.375,0.7818957080144344,0.7818957080144344,0.5637914160289029,0.4183885547051424,0.4183885547051424,0.20028426271961083,0.20028426271961083,2.201616119961565,0.8813322812792712
8,216,7,True,0.4580805255234563,0.5816114452948575,0.21810429198553158,0.09935053127802923,0.7688646433890525,1.0905214599276578,0.375,0.7818957080144344,0.7818957080144344,0.5637914160289029,0.4183885547051424,0.4183885547051424,0.20028426271961083,-0.0,1.4916244328369923,1.9030668834998274
8,96,8,False,0.48757106567988784,0.5816114452948575,0.21810429198553155,0.08581035163024059,0.8356260642955916,0.8724171679421261,0.25,0.7818957080144344,0.7818957080144344,0.5637914160289029,0.4183885547051424,0.31824642334533704,0.31824642334533704,0.21810429198553155,2.2725264516616193,0.5111599687939555
8,96,8,False,0.4780296141877286,0.5816114452948575,0.2181042919855315,0.08104927343967898,0.8454829409689255,0.8654876825024955,0.25,0.7818957080144344,0.7818957080144344,0.5637914160289029,0.4183885547051424,0.31824642334533704,0.31824642334533704,0.1417726800482577,2.0019369944352485,0.9005597553801231
8,120,8,False,0.47505329925991213,0.5816114452948575,0.21810429198553155,0.08581035163024059,0.8356260642955916,0.8724171679421264,0.25,0.7818957080144344,0.7818957080144344,0.5637914160289029,0.4183885547051424,0.31824642334533704,0.21810429198553155,0.21810429198553155,1.8583537724270305,0.9014968695556301
8,144,7,True,0.44779026276172074,0.5816114452948575,0.21810429198553155,0.08581035163024059,0.8356260642955916,0.890237197208047,0.25,0.7818957080144344,0.7818957080144344,0.5637914160289029,0.4183885547051424,0.31824642334533704,0.21810429198553155,-0.0,1.0851915072883842,2.014138966285945
8,120,8,False,0.45597039627559366,0.5816114452948575,0.2181042919855315,0.08104927343967898,0.8454829409689255,0.9487487798794002,0.25,0.7818957080144344,0.7818957080144344,0.5637914160289029,0.4183885547051424,0.31824642334533704,0.1417726800482577,0.1417726800482577,1.272068335925299,1.5884242245004765
8,144,7,True,0.4382488112695615,0.5816114452948575,0.2181042919855315,0.08104927343967898,0.8454829409689255,0.8069760998311426,0.25,0.7818957080144344,0.7818957080144344,0.5637914160289029,0.4183885547051424,0.31824642334533704,0.1417726800482577,-0.0,0.7694955280130231,2.311666534644624
8,300,8,False,0.45585302186521615,0.5816114452948575,0.21810429198553158,0.09935053127802923,0.7688646433890525,0.9999999999997475,0.375,0.7818957080144344,0.7818957080144344,0.5637914160289029,0.4183885547051424,0.20028426271961083,0.20028426271961083,0.20028426271961083,1.1559098274020352,1.2745204074050236
8,360,7,True,0.43081748902526484,0.5816114452948575,0.21810429198553158,0.09935053127802923,0.7688646433890525,1.2002842627193584,0.375,0.7818957080144344,0.7818957080144344,0.5637914160289029,0.4183885547051424,0.20028426271961083,0.20028426271961083,-0.0,0.445918140277462,2.2962550096255794
8,432,6,True,0.4057819561853135,0.5816114452948575,0.21810429198553158,0.09935053127802923,0.7688646433890525,0.7997157372801367,0.375,0.7818957080144344,0.7818957080144344,0.5637914160289029,0.4183885547051424,0.20028426271961083,-0.0,-0.0,-0.38242721819171505,3.0769288111489277
8,72,8,False,0.5182641897653608,0.5089100146328684,0.21810429198553155,0.08866882764920354,0.827531124986801,1.0178200292661042,0.25,0.7818957080144344,0.7818957080144344,0.5637914160289029,0.4910899853671316,0.4910899853671316,0.31824642334533704,0.21810429198553155,3.480427655055683,0.30001417551417686
8,72,8,False,0.5087227382732016,0.5089100146328684,0.2181042919855315,0.08406978812200304,0.8373880016601349,0.8654876825024953,0.25,0.7818957080144344,0.7818957080144344,0.5637914160289029,0.4910899853671316,0.4910899853671316,0.31824642334533704,0.1417726800482577,3.2098381978293125,0.6894139621003444
8,72,8,False,0.5307819561853365,0.5089100146328684,0.21810429198553155,0.09246163290876719,0.8173322638303077,0.872417167942126,0.25,0.7818957080144344,0.7818957080144344,0.5637914160289029,0.4910899853671316,0.4910899853671316,0.4183885547051424,0.21810429198553155,3.894600334290272,-0.09032272524749729
8,96,8,False,0.49665874451263653,0.5089100146328684,0.21810429198553155,0.08866882764920354,0.827531124986801,1.0727014306621725,0.25,0.7818957080144344,0.7818957080144344,0.5637914160289029,0.4910899853671316,0.31824642334533704,0.31824642334533704,0.21810429198553155,2.6517250248177415,0.6116083933334114
8,96,8,False,0.4871172930204773,0.5089100146328684,0.2181042919855315,0.08406978812200304,0.8373880016601349,1.0657719452225418,0.25,0.7818957080144344,0.7818957080144344,0.5637914160289029,0.4910899853671316,0.31824642334533704,0.31824642334533704,0.1417726800482577,2.381135567591371,1.001008179919579
8,120,8,False,0.4841409780926608,0.5089100146328684,0.21810429198553155,0.08866882764920354,0.827531124986801,1.0727014306621725,0.25,0.7818957080144344,0.7818957080144344,0.5637914160289029,0.4910899853671316,0.31824642334533704,0.21810429198553155,0.21810429198553155,2.2375523455831527,1.0019452940950861
8,144,7,True,0.4568779415944694,0.5089100146328684,0.21810429198553155,0.08866882764920354,0.827531124986801,1.090521459928093,0.25,0.7818957080144344,0.7818957080144344,0.5637914160289029,0.4910899853671316,0.31824642334533704,0.21810429198553155,-0.0,1.4643900804445067,2.114587390825401
8,120,8,False,0.4650580751083424,0.5089100146328684,0.2181042919855315,0.08406978812200305,0.8373880016601349,1.0036301812754682,0.25,0.7818957080144344,0.7818957080144344,0.5637914160289029,0.4910899853671316,0.31824642334533704,0.1417726800482577,0.1417726800482577,1.6512669090814216,1.6888726490399324
8,144,7,True,0.44733649010231014,0.5089100146328684,0.2181042919855315,0.08406978812200305,0.8373880016601349,0.8618575012272105,0.25,0.7818957080144344,0.7818957080144344,0.5637914160289029,0.4910899853671316,0.31824642334533704,0.1417726800482577,-0.0,1.1486941011691456,2.41211495918408
8,120,8,False,0.49665874451263653,0.5089100146328684,0.21810429198553155,0.09246163290876719,0.8173322638303077,1.127582832057805,0.25,0.7818957080144344,0.7818957080144344,0.5637914160289029,0.4910899853671316,0.4183885547051424,0.21810429198553155,0.21810429198553155,2.717686211633888,0.8214137849846975
8,144,7,True,0.4693957080144451,0.5089100146328684,0.21810429198553155,0.09246163290876719,0.8173322638303077,0.9451185986041148,0.25,0.7818957080144344,0.7818957080144344,0.5637914160289029,0.4910899853671316,0.4183885547051424,0.21810429198553155,-0.0,1.9445239464952415,1.9340558817150129
8,96,8,False,0.5216942773525879,0.5089100146328684,0.21810429198553155,0.09246163290876719,0.8173322638303077,0.8724171679425616,0.25,0.7818957080144344,0.7818957080144344,0.5637914160289029,0.4910899853671316,0.4183885547051424,0.4183885547051424,0.21810429198553155,3.546031570103065,0.04073998346134877
8,96,8,False,0.5278643284626408,0.3635071533093259,0.2181042919855315,0.07873257408877599,0.849950372459304,0.4951896642835991,0.25,0.7818957080144344,0.6364928466906741,0.6364928466906741,0.6364928466906741,0.5274407006979083,0.32715643797829735,0.17694324093848016,3.895053443366626,-0.3926220576644443
8,96,8,False,0.5330094598435221,0.3635071533093259,0.21810429198553155,0.08305080029006218,0.8415660740508987,0.6186728174247533,0.25,0.7818957080144344,0.6364928466906741,0.6364928466906741,0.6364928466906741,0.5274407006979083,0.32715643797829735,0.21810429198553155,4.040966076141119,-0.6026019609652601
8,96,8,False,0.5293524859265626,0.3635071533093259,0.2181042919855315,0.07800785066009451,0.8512026700897001,0.44756862543809994,0.25,0.7818957080144344,0.6364928466906741,0.6364928466906741,0.6364928466906741,0.5274407006979083,0.33906169768967215,0.17694324093848016,3.9442917933466903,-0.439026723866367
8,96,8,False,0.5322701136492038,0.3635071533093259,0.2181042919855315,0.07942249046528588,0.8486608458709838,0.5175916907814919,0.25,0.7818957080144344,0.6364928466906741,0.6364928466906741,0.6364928466906741,0.5274407006979083,0.33906169768967215,0.20028426271961083,4.02703384810711,-0.5580991326574236
8,96,8,False,0.531895708014402,0.3635071533093259,0.21810429198553155,0.08438306934905672,0.8386873462465377,0.6543128759565945,0.25,0.7818957080144344,0.6364928466906741,0.6364928466906741,0.6364928466906741,0.5274407006979083,0.31824642334533704,0.21810429198553155,4.004115605890056,-0.567872247803125
8,96,8,False,0.5223542565222428,0.3635071533093259,0.2181042919855315,0.07953659956876478,0.8485442229198714,0.4947201666424163,0.25,0.7818957080144344,0.6364928466906741,0.6364928466906741,0.6364928466906741,0.5274407006979083,0.31824642334533704,0.1417726800482577,3.7335261486636853,-0.17847246121695745
8,384,8,False,0.516460313871785,0.3635071533093259,0.2181042919855315,0.078732574088776,0.8499503724593042,0.5775117663777022,0.25,0.7818957080144344,0.6364928466906741,0.6364928466906741,0.6364928466906741,0.4362085839710631,0.32715643797829735,0.17694324093848016,3.4576388575449206,-0.22815310250654322
8,192,8,False,0.5216054452526665,0.3635071533093259,0.21810429198553155,0.08305080029006218,0.8415660740508987,0.6186728174247536,0.25,0.7818957080144344,0.6364928466906741,0.6364928466906741,0.6364928466906741,0.4362085839710631,0.32715643797829735,0.21810429198553155,3.603551490319414,-0.4381330058073589
8,192,8,False,0.5230936027165883,0.3635071533093259,0.2181042919855315,0.07562412050554279,0.8560013928338271,0.43667808161224597,0.25,0.7818957080144344,0.6364928466906741,0.6364928466906741,0.6364928466906741,0.4773696350181145,0.33906169768967215,0.17694324093848016,3.7042248603218457,-0.34876096931136913
8,192,8,False,0.5260112304392297,0.3635071533093259,0.2181042919855315,0.07708251960942686,0.853459568615111,0.4600191033933767,0.25,0.7818957080144344,0.6364928466906741,0.6364928466906741,0.6364928466906741,0.4773696350181145,0.33906169768967215,0.20028426271961083,3.7869669150822656,-0.4678333781024258
8,192,8,False,0.5247135803474483,0.3635071533093259,0.2181042919855315,0.07640773429644845,0.8544671250575558,0.46259772370600527,0.25,0.7818957080144344,0.6364928466906741,0.6364928466906741,0.6364928466906741,0.4773696350181145,0.3520215187365518,0.17694324093848016,3.7578247161717417,-0.3992761352377791
8,96,8,False,0.5256368248044279,0.3635071533093259,0.21810429198553155,0.08058364901260945,0.8463945511372284,0.554170744597007,0.25,0.7818957080144344,0.6364928466906741,0.6364928466906741,0.6364928466906741,0.4773696350181145,0.31824642334533704,0.21810429198553155,3.764048672865211,-0.4776064932481271
8,96,8,False,0.5160953733122686,0.3635071533093259,0.2181042919855315,0.0754936604383557,0.8562514278105621,0.4292790985314325,0.25,0.7818957080144344,0.6364928466906741,0.6364928466906741,0.6364928466906741,0.4773696350181145,0.31824642334533704,0.1417726800482577,3.49345921563884,-0.0882067066619596
8,96,8,False,0.5344976173074439,0.3635071533093259,0.21810429198553155,0.08188226035093064,0.8431795771604657,0.5779812640188848,0.25,0.7818957080144344,0.6364928466906741,0.6364928466906741,0.6364928466906741,0.4773696350181145,0.38913276336946584,0.21810429198553155,4.057223832713182,-0.753909322992597
8,96,8,False,0.5293524859265626,0.3635071533093259,0.2181042919855315,0.08150975418491971,0.8437836251985139,0.6073127759568444,0.25,0.7818957080144344,0.6364928466906741,0.6364928466906741,0.6364928466906741,0.4773696350181145,0.38913276336946584,0.17694324093848016,3.911311199938689,-0.5439294196917813
8,96,8,False,0.5140583770261963,0.3635071533093259,0.2181042919855315,0.0754652005319879,0.8563007179970658,0.42716997585998656,0.25,0.7818957080144344,0.6364928466906741,0.6364928466906741,0.6364928466906741,0.4773696350181145,0.30195045305675816,0.1417726800482577,3.426061552103021,-0.024687801572015396
8,96,8,False,0.518454697137474,0.3635071533093259,0.2181042919855315,0.07643565410856541,0.8544119636906241,0.49587147261016834,0.25,0.7818957080144344,0.6364928466906741,0.6364928466906741,0.6364928466906741,0.4773696350181145,0.30195045305675816,0.17694324093848016,3.5507383765548983,-0.2041076848573672
8,144,8,False,0.5142328102135449,0.47255929930209173,0.2181042919855315,0.07873257408877599,0.849950372459304,0.7132939562691307,0.25,0.7818957080144344,0.6364928466906741,0.6364928466906741,0.5274407006979083,0.5274407006979083,0.32715643797829735,0.17694324093848016,3.3262555836335785,-0.543294694473327
8,144,8,False,0.5193779415944264,0.47255929930209173,0.21810429198553155,0.08305080029006218,0.8415660740508987,0.8367771094102849,0.25,0.7818957080144344,0.6364928466906741,0.6364928466906741,0.5274407006979083,0.5274407006979083,0.32715643797829735,0.21810429198553155,3.472168216408072,-0.7532745977741427
8,144,8,False,0.5157209676774668,0.47255929930209173,0.2181042919855315,0.07800785066009452,0.8512026700897001,0.6656729174236314,0.25,0.7818957080144344,0.6364928466906741,0.6364928466906741,0.5274407006979083,0.5274407006979083,0.33906169768967215,0.17694324093848016,3.3754939336136434,-0.5896993606752496
8,144,8,False,0.5186385954001081,0.47255929930209173,0.2181042919855315,0.07942249046528588,0.8486608458709838,0.7356959827670235,0.25,0.7818957080144344,0.6364928466906741,0.6364928466906741,0.5274407006979083,0.5274407006979083,0.33906169768967215,0.20028426271961083,3.458235988374063,-0.7087717694663064
8,144,8,False,0.5182641897653064,0.47255929930209173,0.21810429198553155,0.08438306934905672,0.8386873462465377,0.8724171679421261,0.25,0.7818957080144344,0.6364928466906741,0.6364928466906741,0.5274407006979083,0.5274407006979083,0.31824642334533704,0.21810429198553155,3.435317746157009,-0.7185448846120076
8,144,8,False,0.5087227382731472,0.47255929930209173,0.2181042919855315,0.07953659956876478,0.8485442229198714,0.712824458627948,0.25,0.7818957080144344,0.6364928466906741,0.6364928466906741,0.5274407006979083,0.5274407006979083,0.31824642334533704,0.1417726800482577,3.1647282889306383,-0.3291450980258401
8,192,8,False,0.48919727737359364,0.47255929930209173,0.2181042919855315,0.07873257408877599,0.849950372459304,0.7956160583632335,0.25,0.7818957080144344,0.6364928466906741,0.6364928466906741,0.5274407006979083,0.32715643797829735,0.32715643797829735,0.17694324093848016,2.3659878515321084,-0.18223167625254988
8,192,8,False,0.49434240875447505,0.47255929930209173,0.21810429198553155,0.08305080029006218,0.8415660740508987,0.8367771094102849,0.25,0.7818957080144344,0.6364928466906741,0.6364928466906741,0.5274407006979083,0.32715643797829735,0.32715643797829735,0.21810429198553155,2.5119004843066017,-0.3922115795533656
8,240,8,False,0.4704206277436165,0.47255929930209173,0.2181042919855315,0.07873257408877599,0.849950372459304,0.7956160583632335,0.25,0.7818957080144344,0.6364928466906741,0.6364928466906741,0.5274407006979083,0.32715643797829735,0.17694324093848016,0.17694324093848016,1.744728832679775,0.40327367489038685
8,288,7,True,0.44830272262630644,0.47255929930209173,0.2181042919855315,0.07873257408877599,0.849950372459304,0.6721329052220792,0.25,0.7818957080144344,0.6364928466906741,0.6364928466906741,0.5274407006979083,0.32715643797829735,0.17694324093848016,-0.0,1.1174792003156218,1.3059358683198863
8,240,8,False,0.4807108905053793,0.47255929930209173,0.21810429198553155,0.08305080029006218,0.8415660740508987,0.8367771094102849,0.25,0.7818957080144344,0.6364928466906741,0.6364928466906741,0.5274407006979083,0.32715643797829735,0.21810429198553155,0.21810429198553155,2.0608773348209497,0.032855034370444125
8,288,7,True,0.4534478540071879,0.47255929930209173,0.21810429198553155,0.08305080029006218,0.8415660740508987,0.8367771094102849,0.25,0.7818957080144344,0.6364928466906741,0.6364928466906741,0.5274407006979083,0.32715643797829735,0.21810429198553155,-0.0,1.2877150696823036,1.1454971311007593
8,192,8,False,0.4921735923014373,0.47255929930209173,0.2181042919855315,0.07800785066009452,0.8512026700897001,0.7718055389404839,0.25,0.7818957080144344,0.6364928466906741,0.6364928466906741,0.5274407006979083,0.33906169768967215,0.33906169768967215,0.17694324093848016,2.4723062565693468,-0.2500985829007375
8,192,8,False,0.4950912200240786,0.47255929930209173,0.2181042919855315,0.07942249046528588,0.8486608458709838,0.7951465607216146,0.25,0.7818957080144344,0.6364928466906741,0.6364928466906741,0.5274407006979083,0.33906169768967215,0.33906169768967215,0.20028426271961083,2.5550483113297666,-0.3691709916917942
8,240,8,False,0.4719087852075383,0.47255929930209173,0.2181042919855315,0.07800785066009452,0.8512026700897001,0.7718055389404839,0.25,0.7818957080144344,0.6364928466906741,0.6364928466906741,0.5274407006979083,0.33906169768967215,0.17694324093848016,0.17694324093848016,1.801808887736949,0.38181143444412186
8,288,7,True,0.4497908800902283,0.47255929930209173,0.2181042919855315,0.07800785066009452,0.8512026700897001,0.6245118663765801,0.25,0.7818957080144344,0.6364928466906741,0.6364928466906741,0.5274407006979083,0.33906169768967215,0.17694324093848016,-0.0,1.1745592553727957,1.2844736278736213
8,240,8,False,0.47774404065282094,0.47255929930209173,0.2181042919855315,0.07942249046528588,0.8486608458709838,0.7951465607216146,0.25,0.7818957080144344,0.6364928466906741,0.6364928466906741,0.5274407006979083,0.33906169768967215,0.20028426271961083,0.20028426271961083,1.981085871361924,0.1717597147582088
8,288,7,True,0.45270850781286964,0.47255929930209173,0.2181042919855315,0.07942249046528588,0.8486608458709838,0.7178759535011028,0.25,0.7818957080144344,0.6364928466906741,0.6364928466906741,0.5274407006979083,0.33906169768967215,0.20028426271961083,-0.0,1.2710941842373509,1.193494316978765
8,192,8,False,0.49211490509623496,0.47255929930209173,0.21810429198553155,0.08438306934905672,0.8386873462465377,0.8545971386762056,0.25,0.7818957080144344,0.6364928466906741,0.6364928466906741,0.5274407006979083,0.31824642334533704,0.31824642334533704,0.21810429198553155,2.4323307338265088,-0.3414193124387429
8,192,8,False,0.4825734536040757,0.47255929930209173,0.2181042919855315,0.07953659956876478,0.8485442229198714,0.847667653236575,0.25,0.7818957080144344,0.6364928466906741,0.6364928466906741,0.5274407006979083,0.31824642334533704,0.31824642334533704,0.1417726800482577,2.161741276600138,0.04798047414742462
8,240,8,False,0.4795971386762593,0.47255929930209173,0.21810429198553155,0.08438306934905672,0.8386873462465377,0.8545971386762055,0.25,0.7818957080144344,0.6364928466906741,0.6364928466906741,0.5274407006979083,0.31824642334533704,0.21810429198553155,0.21810429198553155,2.01815805459192,0.04891758832293169
8,288,7,True,0.45233410217806785,0.47255929930209173,0.21810429198553155,0.08438306934905672,0.8386873462465377,0.872417167942126,0.25,0.7818957080144344,0.6364928466906741,0.6364928466906741,0.5274407006979083,0.31824642334533704,0.21810429198553155,-0.0,1.2449957894532737,1.161559685053247
8,240,8,False,0.46051423569194083,0.47255929930209173,0.2181042919855315,0.0795365995687648,0.8485442229198714,0.7782655267389317,0.25,0.7818957080144344,0.6364928466906741,0.6364928466906741,0.5274407006979083,0.31824642334533704,0.1417726800482577,0.1417726800482577,1.4318726180901886,0.7358449432677782
8,288,7,True,0.4427926506859086,0.47255929930209173,0.2181042919855315,0.0795365995687648,0.8485442229198714,0.636492846690674,0.25,0.7818957080144344,0.6364928466906741,0.6364928466906741,0.5274407006979083,0.31824642334533704,0.1417726800482577,-0.0,0.9292998101779126,1.459087253411926
8,576,8,False,0.49142478103183374,0.5637914160289369,0.2181042919855315,0.078732574088776,0.8499503724593042,0.7956160583632336,0.25,0.7818957080144344,0.6364928466906741,0.6364928466906741,0.4362085839710631,0.4362085839710631,0.32715643797829735,0.17694324093848016,2.412989447521543,-0.5048772118816
8,288,8,False,0.49656991241271514,0.5637914160289369,0.21810429198553155,0.08305080029006218,0.8415660740508987,0.8367771094102849,0.25,0.7818957080144344,0.6364928466906741,0.6364928466906741,0.4362085839710631,0.4362085839710631,0.32715643797829735,0.21810429198553155,2.5589020802960363,-0.7148571151824157
8,768,8,False,0.477793262782738,0.5637914160289369,0.2181042919855315,0.078732574088776,0.8499503724593042,0.7956160583632337,0.25,0.7818957080144344,0.6364928466906741,0.6364928466906741,0.4362085839710631,0.32715643797829735,0.32715643797829735,0.17694324093848016,1.8901363012417784,-0.3082831488187239
8,384,8,False,0.4829383941636194,0.5637914160289369,0.21810429198553155,0.08305080029006218,0.8415660740508987,0.8367771094102852,0.25,0.7818957080144344,0.6364928466906741,0.6364928466906741,0.4362085839710631,0.32715643797829735,0.32715643797829735,0.21810429198553155,2.0360489340162715,-0.5182630521195396
8,960,8,False,0.4590166131527609,0.5637914160289369,0.2181042919855315,0.078732574088776,0.8499503724593042,0.8779381604573365,0.25,0.7818957080144344,0.6364928466906741,0.6364928466906741,0.4362085839710631,0.32715643797829735,0.17694324093848016,0.17694324093848016,1.2688772823894445,0.27722220232421274
8,1152,7,True,0.43689870803545083,0.5637914160289369,0.2181042919855315,0.078732574088776,0.8499503724593042,0.7544550073161823,0.25,0.7818957080144344,0.6364928466906741,0.6364928466906741,0.4362085839710631,0.32715643797829735,0.17694324093848016,-0.0,0.6416276500252913,1.1798843957537122
8,480,8,False,0.4693068759145237,0.5637914160289369,0.21810429198553155,0.08305080029006218,0.8415660740508987,0.8367771094102852,0.25,0.7818957080144344,0.6364928466906741,0.6364928466906741,0.4362085839710631,0.32715643797829735,0.21810429198553155,0.21810429198553155,1.5850257845306195,-0.09319643819572998
8,576,7,True,0.44204383941633224,0.5637914160289369,0.21810429198553155,0.08305080029006218,0.8415660740508987,0.8367771094102852,0.25,0.7818957080144344,0.6364928466906741,0.6364928466906741,0.4362085839710631,0.32715643797829735,0.21810429198553155,-0.0,0.8118635193919732,1.0194456585345852
8,384,8,False,0.48591470909146306,0.5226303649818855,0.2181042919855315,0.07562412050554279,0.8560013928338271,0.7132939562691307,0.25,0.7818957080144344,0.6364928466906741,0.6364928466906741,0.4773696350181145,0.33906169768967215,0.33906169768967215,0.17694324093848016,2.211143904064071,-0.3192796102443511
8,384,8,False,0.48883233681410443,0.5226303649818855,0.2181042919855315,0.07708251960942686,0.853459568615111,0.7366349780502615,0.25,0.7818957080144344,0.6364928466906741,0.6364928466906741,0.4773696350181145,0.33906169768967215,0.33906169768967215,0.20028426271961083,2.2938859588244913,-0.43835201903540777
8,480,8,False,0.46564990199756406,0.5226303649818855,0.2181042919855315,0.07562412050554279,0.8560013928338271,0.7609149951146299,0.25,0.7818957080144344,0.6364928466906741,0.6364928466906741,0.4773696350181145,0.33906169768967215,0.17694324093848016,0.17694324093848016,1.5406465352316732,0.3126304071005082
8,576,7,True,0.4435319968802541,0.5226303649818855,0.2181042919855315,0.07562412050554279,0.8560013928338271,0.6136213225507261,0.25,0.7818957080144344,0.6364928466906741,0.6364928466906741,0.4773696350181145,0.33906169768967215,0.17694324093848016,-0.0,0.91339690286752,1.2152926005300078
8,480,8,False,0.47148515744284675,0.5226303649818855,0.2181042919855315,0.07708251960942686,0.853459568615111,0.7375739733334994,0.25,0.7818957080144344,0.6364928466906741,0.6364928466906741,0.4773696350181145,0.33906169768967215,0.20028426271961083,0.20028426271961083,1.7199235188566482,0.1025786874145952
8,576,7,True,0.4464496246028954,0.5226303649818855,0.2181042919855315,0.07708251960942686,0.853459568615111,0.6603033661129876,0.25,0.7818957080144344,0.6364928466906741,0.6364928466906741,0.4773696350181145,0.33906169768967215,0.20028426271961083,-0.0,1.0099318317320751,1.1243132896351513
8,288,8,False,0.5032032012575184,0.5226303649818855,0.2181042919855315,0.07562412050554279,0.8560013928338271,0.7132939562691307,0.25,0.7818957080144344,0.6364928466906741,0.6364928466906741,0.4773696350181145,0.4773696350181145,0.33906169768967215,0.17694324093848016,2.8742646480835226,-0.5686146334638654
8,288,8,False,0.5061208289801598,0.5226303649818855,0.2181042919855315,0.07708251960942686,0.853459568615111,0.7366349780502615,0.25,0.7818957080144344,0.6364928466906741,0.6364928466906741,0.4773696350181145,0.4773696350181145,0.33906169768967215,0.20028426271961083,2.9570067028439424,-0.687687042254922
8,288,8,False,0.5048231788883784,0.5226303649818855,0.2181042919855315,0.07640773429644847,0.8544671250575558,0.7132939562691307,0.25,0.7818957080144344,0.6364928466906741,0.6364928466906741,0.4773696350181145,0.4773696350181145,0.3520215187365518,0.17694324093848016,2.927864503933419,-0.6191297993902753
8,480,8,False,0.46726987962842403,0.5226303649818855,0.2181042919855315,0.07640773429644847,0.8544671250575558,0.8127542793021485,0.25,0.7818957080144344,0.6364928466906741,0.6364928466906741,0.4773696350181145,0.3520215187365518,0.17694324093848016,0.17694324093848016,1.6027827100670884,0.28926705323911
8,576,7,True,0.445151974511114,0.5226303649818855,0.2181042919855315,0.07640773429644847,0.8544671250575558,0.6395409646444854,0.25,0.7818957080144344,0.6364928466906741,0.6364928466906741,0.4773696350181145,0.3520215187365518,0.17694324093848016,-0.0,0.9755330777029352,1.1919292466686096
8,384,8,False,0.489154664353183,0.5226303649818855,0.2181042919855315,0.07640773429644847,0.8544671250575558,0.7132939562691307,0.25,0.7818957080144344,0.6364928466906741,0.6364928466906741,0.4773696350181145,0.3520215187365518,0.3520215187365518,0.17694324093848016,2.326879934749383,-0.3931581300321592
8,144,8,False,0.5057464233453579,0.5226303649818855,0.21810429198553155,0.08058364901260945,0.8463945511372284,0.8724171679421261,0.25,0.7818957080144344,0.6364928466906741,0.6364928466906741,0.4773696350181145,0.4773696350181145,0.31824642334533704,0.21810429198553155,2.934088460626888,-0.6974601574006234
8,144,8,False,0.4962049718531987,0.5226303649818855,0.2181042919855315,0.0754936604383557,0.8562514278105621,0.7475255218765515,0.25,0.7818957080144344,0.6364928466906741,0.6364928466906741,0.4773696350181145,0.4773696350181145,0.31824642334533704,0.1417726800482577,2.6634990034005175,-0.30806037081445586
8,144,8,False,0.514607215848374,0.5226303649818855,0.21810429198553155,0.08188226035093064,0.8431795771604657,0.7544550073161822,0.25,0.7818957080144344,0.6364928466906741,0.6364928466906741,0.4773696350181145,0.4773696350181145,0.38913276336946584,0.21810429198553155,3.2272636204748593,-0.9737629871450932
8,144,8,False,0.5094620844674926,0.5226303649818855,0.2181042919855315,0.08150975418491971,0.8437836251985139,0.7837865192541418,0.25,0.7818957080144344,0.6364928466906741,0.6364928466906741,0.4773696350181145,0.4773696350181145,0.38913276336946584,0.17694324093848016,3.081350987700366,-0.7637830838442775
8,144,8,False,0.4941679755671263,0.5226303649818855,0.2181042919855315,0.0754652005319879,0.8563007179970658,0.7454163992051057,0.25,0.7818957080144344,0.6364928466906741,0.6364928466906741,0.4773696350181145,0.4773696350181145,0.30195045305675816,0.1417726800482577,2.596101339864698,-0.24454146572451166
8,144,8,False,0.4985642956784041,0.5226303649818855,0.2181042919855315,0.07643565410856541,0.8544119636906241,0.8141178959552875,0.25,0.7818957080144344,0.6364928466906741,0.6364928466906741,0.4773696350181145,0.4773696350181145,0.30195045305675816,0.17694324093848016,2.7207781643165756,-0.4239613490098634
8,192,8,False,0.48585602188626076,0.5226303649818855,0.21810429198553155,0.08058364901260945,0.8463945511372284,0.754455007316618,0.25,0.7818957080144344,0.6364928466906741,0.6364928466906741,0.4773696350181145,0.31824642334533704,0.31824642334533704,0.21810429198553155,2.171168381321233,-0.4106003397823565
8,192,8,False,0.4763145703941015,0.5226303649818855,0.2181042919855315,0.0754936604383557,0.8562514278105621,0.7475255218769874,0.25,0.7818957080144344,0.6364928466906741,0.6364928466906741,0.4773696350181145,0.31824642334533704,0.31824642334533704,0.1417726800482577,1.9005789240948627,-0.021200553196188972
8,240,8,False,0.47333825546628505,0.5226303649818855,0.21810429198553155,0.08058364901260945,0.8463945511372284,0.7544550073166181,0.25,0.7818957080144344,0.6364928466906741,0.6364928466906741,0.4773696350181145,0.31824642334533704,0.21810429198553155,0.21810429198553155,1.7569957020866442,-0.02026343902068195
8,288,7,True,0.4460752189680936,0.5226303649818855,0.21810429198553155,0.08058364901260945,0.8463945511372284,0.7722750365825386,0.25,0.7818957080144344,0.6364928466906741,0.6364928466906741,0.4773696350181145,0.31824642334533704,0.21810429198553155,-0.0,0.983833436947998,1.0923786577096333
8,240,8,False,0.4542553524819666,0.5226303649818855,0.2181042919855315,0.0754936604383557,0.8562514278105621,0.7128244586279479,0.25,0.7818957080144344,0.6364928466906741,0.6364928466906741,0.4773696350181145,0.31824642334533704,0.1417726800482577,0.1417726800482577,1.1707102655849129,0.6666639159241645
8,288,7,True,0.43653376747593436,0.5226303649818855,0.2181042919855315,0.0754936604383557,0.8562514278105621,0.5710517785796901,0.25,0.7818957080144344,0.6364928466906741,0.6364928466906741,0.4773696350181145,0.31824642334533704,0.1417726800482577,-0.0,0.6681374576726369,1.3899062260683122
8,240,8,False,0.48219904796930113,0.5226303649818855,0.21810429198553155,0.08188226035093064,0.8431795771604657,0.9200382067867534,0.25,0.7818957080144344,0.6364928466906741,0.6364928466906741,0.4773696350181145,0.38913276336946584,0.21810429198553155,0.21810429198553155,2.096861970397693,-0.1480539879744322
8,288,7,True,0.45493601147110974,0.5226303649818855,0.21810429198553155,0.08188226035093064,0.8431795771604657,0.7960855560044164,0.25,0.7818957080144344,0.6364928466906741,0.6364928466906741,0.4773696350181145,0.38913276336946584,0.21810429198553155,-0.0,1.3236997052590467,0.9645881087558831
8,192,8,False,0.5035776068922929,0.5226303649818855,0.21810429198553155,0.08188226035093064,0.8431795771604657,0.7544550073161822,0.25,0.7818957080144344,0.6364928466906741,0.6364928466906741,0.4773696350181145,0.38913276336946584,0.38913276336946584,0.21810429198553155,2.804209809480253,-0.8146937184805767
8,192,8,False,0.4984324755114115,0.5226303649818855,0.2181042919855315,0.08150975418491971,0.8437836251985139,0.7837865192541418,0.25,0.7818957080144344,0.6364928466906741,0.6364928466906741,0.4773696350181145,0.38913276336946584,0.38913276336946584,0.17694324093848016,2.6582971767057595,-0.604713815179761
8,288,7,True,0.4497908800902283,0.5226303649818855,0.2181042919855315,0.08150975418491971,0.8437836251985139,0.7842560168953245,0.25,0.7818957080144344,0.6364928466906741,0.6364928466906741,0.4773696350181145,0.38913276336946584,0.17694324093848016,-0.0,1.1534638358923646,1.12502684597501
8,240,8,False,0.4719087852075383,0.5226303649818855,0.2181042919855315,0.08150975418491971,0.8437836251985139,0.9611992578338047,0.25,0.7818957080144344,0.6364928466906741,0.6364928466906741,0.4773696350181145,0.38913276336946584,0.17694324093848016,0.17694324093848016,1.7807134682565178,0.2223646525455104
8,192,8,False,0.4722405778219568,0.5226303649818855,0.2181042919855315,0.0754652005319879,0.8563007179970658,0.7475255218769874,0.25,0.7818957080144344,0.6364928466906741,0.6364928466906741,0.4773696350181145,0.30195045305675816,0.30195045305675816,0.1417726800482577,1.7550498376558183,0.07169595818860214
8,192,8,False,0.4766368979332346,0.5226303649818855,0.2181042919855315,0.07643565410856541,0.8544119636906241,0.7458858968467243,0.25,0.7818957080144344,0.6364928466906741,0.6364928466906741,0.4773696350181145,0.30195045305675816,0.30195045305675816,0.17694324093848016,1.8797266621076956,-0.10772392509674963
8,240,8,False,0.45221835619589423,0.5226303649818855,0.2181042919855315,0.0754652005319879,0.8563007179970658,0.7107153359565019,0.25,0.7818957080144344,0.6364928466906741,0.6364928466906741,0.4773696350181145,0.30195045305675816,0.1417726800482577,0.1417726800482577,1.0925788426816876,0.6960415222190114
8,288,7,True,0.434496771189862,0.5226303649818855,0.2181042919855315,0.0754652005319879,0.8563007179970658,0.5689426559082442,0.25,0.7818957080144344,0.6364928466906741,0.6364928466906741,0.4773696350181145,0.30195045305675816,0.1417726800482577,-0.0,0.5900060347694116,1.4192838323631591
8,288,7,True,0.4388930913011398,0.5226303649818855,0.2181042919855315,0.07643565410856541,0.8544119636906241,0.6728147135486485,0.25,0.7818957080144344,0.6364928466906741,0.6364928466906741,0.4773696350181145,0.30195045305675816,0.17694324093848016,-0.0,0.7354661446780906,1.2821950012236072
8,240,8,False,0.46101099641844984,0.5226303649818855,0.2181042919855315,0.07643565410856541,0.8544119636906241,0.7458858968467243,0.25,0.7818957080144344,0.6364928466906741,0.6364928466906741,0.4773696350181145,0.30195045305675816,0.17694324093848016,0.17694324093848016,1.3627157770422438,0.37953280779410764
8,216,8,False,0.5006012919644492,0.47255929930209173,0.2181042919855315,0.07873257408877599,0.849950372459304,0.4951896642835991,0.25,0.7818957080144344,0.6364928466906741,0.5274407006979083,0.5274407006979083,0.5274407006979083,0.32715643797829735,0.17694324093848016,2.7167311124700113,-1.1592000690887863
8,216,8,False,0.5057464233453306,0.47255929930209173,0.21810429198553155,0.08305080029006218,0.8415660740508987,0.6186728174247533,0.25,0.7818957080144344,0.6364928466906741,0.5274407006979083,0.5274407006979083,0.5274407006979083,0.32715643797829735,0.21810429198553155,2.8626437452445046,-1.3691799723896019
8,216,8,False,0.5020894494283711,0.47255929930209173,0.2181042919855315,0.07800785066009452,0.8512026700897001,0.44756862543809994,0.25,0.7818957080144344,0.6364928466906741,0.5274407006979083,0.5274407006979083,0.5274407006979083,0.33906169768967215,0.17694324093848016,2.7659694624500757,-1.2056047352907089
8,216,8,False,0.5050070771510125,0.47255929930209173,0.2181042919855315,0.07942249046528588,0.8486608458709838,0.5175916907814919,0.25,0.7818957080144344,0.6364928466906741,0.5274407006979083,0.5274407006979083,0.5274407006979083,0.33906169768967215,0.20028426271961083,2.8487115172104955,-1.3246771440817655
8,216,8,False,0.5046326715162106,0.47255929930209173,0.21810429198553155,0.08438306934905672,0.8386873462465377,0.6543128759565945,0.25,0.7818957080144344,0.6364928466906741,0.5274407006979083,0.5274407006979083,0.5274407006979083,0.31824642334533704,0.21810429198553155,2.8257932749934414,-1.3344502592274667
8,216,8,False,0.49509122002405137,0.47255929930209173,0.2181042919855315,0.07953659956876478,0.8485442229198714,0.4947201666424163,0.25,0.7818957080144344,0.6364928466906741,0.5274407006979083,0.5274407006979083,0.5274407006979083,0.31824642334533704,0.1417726800482577,2.5552038177670706,-0.9450504726412993
8,288,8,False,0.4755657591244979,0.47255929930209173,0.2181042919855315,0.07873257408877599,0.849950372459304,0.7956160583632335,0.25,0.7818957080144344,0.6364928466906741,0.5274407006979083,0.5274407006979083,0.32715643797829735,0.32715643797829735,0.17694324093848016,1.7564633803685412,-0.798137050868009
8,288,8,False,0.4807108905053793,0.47255929930209173,0.21810429198553155,0.08305080029006218,0.8415660740508987,0.8367771094102849,0.25,0.7818957080144344,0.6364928466906741,0.5274407006979083,0.5274407006979083,0.32715643797829735,0.32715643797829735,0.21810429198553155,1.9023760131430343,-1.0081169541688246
8,360,8,False,0.45678910949452073,0.47255929930209173,0.2181042919855315,0.07873257408877599,0.849950372459304,0.7956160583632335,0.25,0.7818957080144344,0.6364928466906741,0.5274407006979083,0.5274407006979083,0.32715643797829735,0.17694324093848016,0.17694324093848016,1.1352043615162073,-0.21263169972507234
8,432,7,True,0.4346712043772107,0.47255929930209173,0.2181042919855315,0.07873257408877599,0.849950372459304,0.6721329052220792,0.25,0.7818957080144344,0.6364928466906741,0.5274407006979083,0.5274407006979083,0.32715643797829735,0.17694324093848016,-0.0,0.5079547291520541,0.6900304937044273
8,360,8,False,0.46707937225628354,0.47255929930209173,0.21810429198553155,0.08305080029006218,0.8415660740508987,0.8367771094102849,0.25,0.7818957080144344,0.6364928466906741,0.5274407006979083,0.5274407006979083,0.32715643797829735,0.21810429198553155,0.21810429198553155,1.4513528636573825,-0.583050340245015
8,432,7,True,0.4398163357580921,0.47255929930209173,0.21810429198553155,0.08305080029006218,0.8415660740508987,0.8367771094102849,0.25,0.7818957080144344,0.6364928466906741,0.5274407006979083,0.5274407006979083,0.32715643797829735,0.21810429198553155,-0.0,0.6781905985187362,0.5295917564853003
8,288,8,False,0.47854207405234156,0.47255929930209173,0.2181042919855315,0.07800785066009452,0.8512026700897001,0.7718055389404839,0.25,0.7818957080144344,0.6364928466906741,0.5274407006979083,0.5274407006979083,0.33906169768967215,0.33906169768967215,0.17694324093848016,1.8627817854057798,-0.8660039575161967
8,288,8,False,0.4814597017749829,0.47255929930209173,0.2181042919855315,0.07942249046528588,0.8486608458709838,0.7951465607216146,0.25,0.7818957080144344,0.6364928466906741,0.5274407006979083,0.5274407006979083,0.33906169768967215,0.33906169768967215,0.20028426271961083,1.9455238401661996,-0.9850763663072534
8,360,8,False,0.45827726695844256,0.47255929930209173,0.2181042919855315,0.07800785066009452,0.8512026700897001,0.7718055389404839,0.25,0.7818957080144344,0.6364928466906741,0.5274407006979083,0.5274407006979083,0.33906169768967215,0.17694324093848016,0.17694324093848016,1.1922844165733812,-0.23409394017133736
8,432,7,True,0.4361593618411325,0.47255929930209173,0.2181042919855315,0.07800785066009452,0.8512026700897001,0.6245118663765801,0.25,0.7818957080144344,0.6364928466906741,0.5274407006979083,0.5274407006979083,0.33906169768967215,0.17694324093848016,-0.0,0.565034784209228,0.6685682532581623
8,360,8,False,0.46411252240372525,0.47255929930209173,0.2181042919855315,0.07942249046528588,0.8486608458709838,0.7951465607216146,0.25,0.7818957080144344,0.6364928466906741,0.5274407006979083,0.5274407006979083,0.33906169768967215,0.20028426271961083,0.20028426271961083,1.3715614001983565,-0.44414565985725035
8,432,7,True,0.4390769895637739,0.47255929930209173,0.2181042919855315,0.07942249046528588,0.8486608458709838,0.7178759535011028,0.25,0.7818957080144344,0.6364928466906741,0.5274407006979083,0.5274407006979083,0.33906169768967215,0.20028426271961083,-0.0,0.6615697130737834,0.5775889423633058
8,288,8,False,0.4784833868471392,0.47255929930209173,0.21810429198553155,0.08438306934905672,0.8386873462465377,0.8545971386762056,0.25,0.7818957080144344,0.6364928466906741,0.5274407006979083,0.5274407006979083,0.31824642334533704,0.31824642334533704,0.21810429198553155,1.8228062626629413,-0.957324687054202
8,288,8,False,0.46894193535497997,0.47255929930209173,0.2181042919855315,0.07953659956876478,0.8485442229198714,0.847667653236575,0.25,0.7818957080144344,0.6364928466906741,0.5274407006979083,0.5274407006979083,0.31824642334533704,0.31824642334533704,0.1417726800482577,1.552216805436571,-0.5679249004680345
8,360,8,False,0.4659656204271635,0.47255929930209173,0.21810429198553155,0.08438306934905672,0.8386873462465377,0.8545971386762055,0.25,0.7818957080144344,0.6364928466906741,0.5274407006979083,0.5274407006979083,0.31824642334533704,0.21810429198553155,0.21810429198553155,1.4086335834283525,-0.5669877862925274
8,432,7,True,0.4387025839289721,0.47255929930209173,0.21810429198553155,0.08438306934905672,0.8386873462465377,0.872417167942126,0.25,0.7818957080144344,0.6364928466906741,0.5274407006979083,0.5274407006979083,0.31824642334533704,0.21810429198553155,-0.0,0.6354713182897062,0.5456543104377879
8,360,8,False,0.446882717442845,0.47255929930209173,0.2181042919855315,0.0795365995687648,0.8485442229198714,0.7782655267389317,0.25,0.7818957080144344,0.6364928466906741,0.5274407006979083,0.5274407006979083,0.31824642334533704,0.1417726800482577,0.1417726800482577,0.822348146926621,0.11993956865231892
8,432,7,True,0.42916113243681286,0.47255929930209173,0.2181042919855315,0.0795365995687648,0.8485442229198714,0.636492846690674,0.25,0.7818957080144344,0.6364928466906741,0.5274407006979083,0.5274407006979083,0.31824642334533704,0.1417726800482577,-0.0,0.3197753390143451,0.8431818787964667
8,384,8,False,0.45053022628454653,0.6728435620217026,0.2181042919855315,0.07873257408877599,0.849950372459304,0.5775117663777019,0.25,0.7818957080144344,0.6364928466906741,0.5274407006979083,0.32715643797829735,0.32715643797829735,0.32715643797829735,0.17694324093848016,0.7118139703451642,-1.0748611602430655
8,384,8,False,0.45567535766542794,0.6728435620217026,0.21810429198553155,0.08305080029006218,0.8415660740508987,0.6186728174247533,0.25,0.7818957080144344,0.6364928466906741,0.5274407006979083,0.32715643797829735,0.32715643797829735,0.32715643797829735,0.21810429198553155,0.8577266031196574,-1.2848410635438814
8,480,8,False,0.43175357665456937,0.6728435620217026,0.2181042919855315,0.07873257408877599,0.849950372459304,0.8779381604573362,0.25,0.7818957080144344,0.6364928466906741,0.5274407006979083,0.32715643797829735,0.32715643797829735,0.17694324093848016,0.17694324093848016,0.09055495149283034,-0.48935580910012894
8,576,7,True,0.4096356715372594,0.6728435620217026,0.2181042919855315,0.07873257408877599,0.849950372459304,0.754455007316182,0.25,0.7818957080144344,0.6364928466906741,0.5274407006979083,0.32715643797829735,0.32715643797829735,0.17694324093848016,-0.0,-0.5366946808713228,0.4133063843293706
8,480,8,False,0.44204383941633224,0.6728435620217026,0.21810429198553155,0.08305080029006218,0.8415660740508987,0.8367771094102849,0.25,0.7818957080144344,0.6364928466906741,0.5274407006979083,0.32715643797829735,0.32715643797829735,0.21810429198553155,0.21810429198553155,0.40670345363400545,-0.8597744496200717
8,576,7,True,0.4147808029181408,0.6728435620217026,0.21810429198553155,0.08305080029006218,0.8415660740508987,0.8367771094102849,0.25,0.7818957080144344,0.6364928466906741,0.5274407006979083,0.32715643797829735,0.32715643797829735,0.21810429198553155,-0.0,-0.3664588115046408,0.2528676471102437
8,600,8,False,0.4129769270245922,0.6728435620217026,0.2181042919855315,0.07873257408877599,0.849950372459304,0.5775117663777019,0.25,0.7818957080144344,0.6364928466906741,0.5274407006979083,0.32715643797829735,0.17694324093848016,0.17694324093848016,0.17694324093848016,-0.629645847583795,-0.21855854543434955
8,720,7,True,0.3908590219072822,0.6728435620217026,0.2181042919855315,0.07873257408877599,0.849950372459304,0.754455007316182,0.25,0.7818957080144344,0.6364928466906741,0.5274407006979083,0.32715643797829735,0.17694324093848016,0.17694324093848016,-0.0,-1.2568954799479481,0.68410364799515
8,864,6,True,0.3687411167899722,0.6728435620217026,0.2181042919855315,0.07873257408877599,0.849950372459304,0.45402861323654764,0.25,0.7818957080144344,0.6364928466906741,0.5274407006979083,0.32715643797829735,0.17694324093848016,-0.0,-0.0,-1.9887059095525697,1.3737981386236422
8,600,8,False,0.4284123211672365,0.6728435620217026,0.21810429198553155,0.08305080029006218,0.8415660740508987,0.6186728174247533,0.25,0.7818957080144344,0.6364928466906741,0.5274407006979083,0.32715643797829735,0.21810429198553155,0.21810429198553155,0.21810429198553155,-0.11614969264575968,-0.6631803865571955
8,720,7,True,0.4011492846690451,0.6728435620217026,0.21810429198553155,0.08305080029006218,0.8415660740508987,0.8367771094102849,0.25,0.7818957080144344,0.6364928466906741,0.5274407006979083,0.32715643797829735,0.21810429198553155,0.21810429198553155,-0.0,-0.889311957784406,0.44946171017311987
8,864,6,True,0.3738862481708536,0.6728435620217026,0.21810429198553155,0.08305080029006218,0.8415660740508987,0.6186728174247532,0.25,0.7818957080144344,0.6364928466906741,0.5274407006979083,0.32715643797829735,0.21810429198553155,-0.0,-0.0,-1.7913582567557096,1.299594938020739
8,384,8,False,0.45499469867631204,0.6609383023103279,0.2181042919855315,0.07800785066009451,0.8512026700897001,0.5537012469549523,0.25,0.7818957080144344,0.6364928466906741,0.5274407006979083,0.33906169768967215,0.33906169768967215,0.33906169768967215,0.17694324093848016,0.8802282303676433,-1.1262790841016217
8,384,8,False,0.4579123263989534,0.6609383023103279,0.2181042919855315,0.07942249046528588,0.8486608458709838,0.577042268736083,0.25,0.7818957080144344,0.6364928466906741,0.5274407006979083,0.33906169768967215,0.33906169768967215,0.33906169768967215,0.20028426271961083,0.9629702851280633,-1.2453514928926783
8,480,8,False,0.43472989158241304,0.6609383023103279,0.2181042919855315,0.07800785066009451,0.8512026700897001,0.8779381604573362,0.25,0.7818957080144344,0.6364928466906741,0.5274407006979083,0.33906169768967215,0.33906169768967215,0.17694324093848016,0.17694324093848016,0.20973086153524476,-0.49436906675676234
8,576,7,True,0.41261198646510305,0.6609383023103279,0.2181042919855315,0.07800785066009451,0.8512026700897001,0.7306444878934324,0.25,0.7818957080144344,0.6364928466906741,0.5274407006979083,0.33906169768967215,0.33906169768967215,0.17694324093848016,-0.0,-0.41751877082890837,0.4082931266727372
8,480,8,False,0.4405651470276958,0.6609383023103279,0.2181042919855315,0.07942249046528588,0.8486608458709838,0.8545971386762057,0.25,0.7818957080144344,0.6364928466906741,0.5274407006979083,0.33906169768967215,0.33906169768967215,0.20028426271961083,0.20028426271961083,0.3890078451602201,-0.7044207864426754
8,576,7,True,0.41552961418774437,0.6609383023103279,0.2181042919855315,0.07942249046528588,0.8486608458709838,0.7773265314556939,0.25,0.7818957080144344,0.6364928466906741,0.5274407006979083,0.33906169768967215,0.33906169768967215,0.20028426271961083,-0.0,-0.320983841964353,0.3173138157778808
8,600,8,False,0.41446508448851405,0.6609383023103279,0.2181042919855315,0.07800785066009451,0.8512026700897001,0.5537012469549523,0.25,0.7818957080144344,0.6364928466906741,0.5274407006979083,0.33906169768967215,0.17694324093848016,0.17694324093848016,0.17694324093848016,-0.5675499925985545,-0.20210956264471797
8,720,7,True,0.39234717937120406,0.6609383023103279,0.2181042919855315,0.07800785066009451,0.8512026700897001,0.7306444878934324,0.25,0.7818957080144344,0.6364928466906741,0.5274407006979083,0.33906169768967215,0.17694324093848016,0.17694324093848016,-0.0,-1.1947996249627075,0.7005526307847816
8,864,6,True,0.370229274253894,0.6609383023103279,0.2181042919855315,0.07800785066009451,0.8512026700897001,0.40640757439104847,0.25,0.7818957080144344,0.6364928466906741,0.5274407006979083,0.33906169768967215,0.17694324093848016,-0.0,-0.0,-1.9266100545673295,1.390247121413274
8,600,8,False,0.42321796765643804,0.6609383023103279,0.2181042919855315,0.07942249046528588,0.8486608458709838,0.577042268736083,0.25,0.7818957080144344,0.6364928466906741,0.5274407006979083,0.33906169768967215,0.20028426271961083,0.20028426271961083,0.20028426271961083,-0.27636391663477944,-0.45423937502855893
8,720,7,True,0.39818243481648674,0.6609383023103279,0.2181042919855315,0.07942249046528588,0.8486608458709838,0.7773265314556939,0.25,0.7818957080144344,0.6364928466906741,0.5274407006979083,0.33906169768967215,0.20028426271961083,0.20028426271961083,-0.0,-0.9863556037593525,0.5674952271919973
8,864,6,True,0.3731469019765354,0.6609383023103279,0.2181042919855315,0.07942249046528588,0.8486608458709838,0.4997716615155712,0.25,0.7818957080144344,0.6364928466906741,0.5274407006979083,0.33906169768967215,0.20028426271961083,-0.0,-0.0,-1.8147009622285295,1.3481690287153458
8,384,8,False,0.4523341021780678,0.681753576654663,0.21810429198553155,0.08438306934905672,0.8386873462465377,0.636492846690674,0.25,0.7818957080144344,0.6364928466906741,0.5274407006979083,0.31824642334533704,0.31824642334533704,0.31824642334533704,0.21810429198553155,0.731683697918206,-1.2463593785506129
8,384,8,False,0.44279265068590856,0.681753576654663,0.2181042919855315,0.07953659956876478,0.8485442229198714,0.6295633612510434,0.25,0.7818957080144344,0.6364928466906741,0.5274407006979083,0.31824642334533704,0.31824642334533704,0.31824642334533704,0.1417726800482577,0.46109424069183563,-0.8569595919644454
8,480,8,False,0.4398163357580921,0.681753576654663,0.21810429198553155,0.08438306934905672,0.8386873462465377,0.8367771094102849,0.25,0.7818957080144344,0.6364928466906741,0.5274407006979083,0.31824642334533704,0.31824642334533704,0.21810429198553155,0.21810429198553155,0.3175110186836172,-0.8560224777889384
8,576,7,True,0.4125532992599007,0.681753576654663,0.21810429198553155,0.08438306934905672,0.8386873462465377,0.8545971386762055,0.25,0.7818957080144344,0.6364928466906741,0.5274407006979083,0.31824642334533704,0.31824642334533704,0.21810429198553155,-0.0,-0.4556512464550291,0.25661961894137697
8,480,8,False,0.4207334327737736,0.681753576654663,0.2181042919855315,0.07953659956876478,0.8485442229198714,0.9131087213475587,0.25,0.7818957080144344,0.6364928466906741,0.5274407006979083,0.31824642334533704,0.31824642334533704,0.1417726800482577,0.1417726800482577,-0.2687744178181143,-0.16909512284409203
8,576,7,True,0.40301184776774146,0.681753576654663,0.2181042919855315,0.07953659956876478,0.8485442229198714,0.7713360412993011,0.25,0.7818957080144344,0.6364928466906741,0.5274407006979083,0.31824642334533704,0.31824642334533704,0.1417726800482577,-0.0,-0.7713472257303902,0.5541471873000557
8,600,8,False,0.42729856933811644,0.681753576654663,0.21810429198553155,0.08438306934905672,0.8386873462465377,0.6364928466906739,0.25,0.7818957080144344,0.6364928466906741,0.5274407006979083,0.31824642334533704,0.21810429198553155,0.21810429198553155,0.21810429198553155,-0.16262284736711805,-0.6754909686785497
8,720,7,True,0.400035532839925,0.681753576654663,0.21810429198553155,0.08438306934905672,0.8386873462465377,0.8545971386762055,0.25,0.7818957080144344,0.6364928466906741,0.5274407006979083,0.31824642334533704,0.21810429198553155,0.21810429198553155,-0.0,-0.9357851125057643,0.4371511280517656
8,864,6,True,0.37277249634173354,0.681753576654663,0.21810429198553155,0.08438306934905672,0.8386873462465377,0.6543128759565945,0.25,0.7818957080144344,0.6364928466906741,0.5274407006979083,0.31824642334533704,0.21810429198553155,-0.0,-0.0,-1.8378314114770677,1.2872843558993847
8,600,8,False,0.39867421486163873,0.681753576654663,0.2181042919855315,0.07953659956876478,0.8485442229198714,0.5601612347534001,0.25,0.7818957080144344,0.6364928466906741,0.5274407006979083,0.31824642334533704,0.1417726800482577,0.1417726800482577,0.1417726800482577,-1.114882039806282,0.14904341448454814
8,720,7,True,0.3809526298556065,0.681753576654663,0.2181042919855315,0.07953659956876478,0.8485442229198714,0.7019339148016578,0.25,0.7818957080144344,0.6364928466906741,0.5274407006979083,0.31824642334533704,0.1417726800482577,0.1417726800482577,-0.0,-1.617454847718558,0.8722857246286959
8,864,6,True,0.3632310448495743,0.681753576654663,0.2181042919855315,0.07953659956876478,0.8485442229198714,0.41838855470514236,0.25,0.7818957080144344,0.6364928466906741,0.5274407006979083,0.31824642334533704,0.1417726800482577,-0.0,-0.0,-2.2038051674145005,1.4248913841176363
8,864,8,False,0.4663892481918823,0.5637914160289369,0.2181042919855315,0.078732574088776,0.8499503724593042,0.5048103357157129,0.25,0.7818957080144344,0.6364928466906741,0.4362085839710631,0.4362085839710631,0.4362085839710631,0.32715643797829735,0.17694324093848016,1.2935418822745999,-1.6360438912432893
8,432,8,False,0.47153437957276373,0.5637914160289369,0.21810429198553155,0.08305080029006218,0.8415660740508987,0.5459713867627642,0.25,0.7818957080144344,0.6364928466906741,0.4362085839710631,0.4362085839710631,0.4362085839710631,0.32715643797829735,0.21810429198553155,1.439454515049093,-1.846023794544105
8,1152,8,False,0.45275772994278657,0.5637914160289369,0.2181042919855315,0.078732574088776,0.8499503724593042,0.7229146277012444,0.25,0.7818957080144344,0.6364928466906741,0.4362085839710631,0.4362085839710631,0.32715643797829735,0.32715643797829735,0.17694324093848016,0.7706887359948349,-1.4394498281804131
8,576,8,False,0.457902861323668,0.5637914160289369,0.21810429198553155,0.08305080029006218,0.8415660740508987,0.7640756787482959,0.25,0.7818957080144344,0.6364928466906741,0.4362085839710631,0.4362085839710631,0.32715643797829735,0.32715643797829735,0.21810429198553155,0.9166013687693281,-1.6494297314812287
8,1440,8,False,0.43398108031280946,0.5637914160289369,0.2181042919855315,0.078732574088776,0.8499503724593042,0.8052367297953472,0.25,0.7818957080144344,0.6364928466906741,0.4362085839710631,0.4362085839710631,0.32715643797829735,0.17694324093848016,0.17694324093848016,0.149429717142501,-0.8539444770374766
8,1728,7,True,0.4118631751954994,0.5637914160289369,0.2181042919855315,0.078732574088776,0.8499503724593042,0.681753576654193,0.25,0.7818957080144344,0.6364928466906741,0.4362085839710631,0.4362085839710631,0.32715643797829735,0.17694324093848016,-0.0,-0.4778199152216521,0.048717716392023026
8,720,8,False,0.4442713430745723,0.5637914160289369,0.21810429198553155,0.08305080029006218,0.8415660740508987,0.7640756787482959,0.25,0.7818957080144344,0.6364928466906741,0.4362085839710631,0.4362085839710631,0.32715643797829735,0.21810429198553155,0.21810429198553155,0.46557821928367615,-1.2243631175574192
8,864,7,True,0.4170083065763808,0.5637914160289369,0.21810429198553155,0.08305080029006218,0.8415660740508987,0.7640756787482959,0.25,0.7818957080144344,0.6364928466906741,0.4362085839710631,0.4362085839710631,0.32715643797829735,0.21810429198553155,-0.0,-0.3075840458549701,-0.11172102082710392
8,1536,8,False,0.43912621169369087,0.6728435620217026,0.2181042919855315,0.078732574088776,0.8499503724593042,0.5048103357157129,0.25,0.7818957080144344,0.6364928466906741,0.4362085839710631,0.32715643797829735,0.32715643797829735,0.32715643797829735,0.17694324093848016,0.2018908762617883,-1.5901224649892958
8,768,8,False,0.4442713430745723,0.6728435620217026,0.21810429198553155,0.08305080029006218,0.8415660740508987,0.5459713867627642,0.25,0.7818957080144344,0.6364928466906741,0.4362085839710631,0.32715643797829735,0.32715643797829735,0.32715643797829735,0.21810429198553155,0.34780350903628143,-1.8001023682901114
8,1920,8,False,0.42034956206371377,0.6728435620217026,0.2181042919855315,0.07873257408877599,0.8499503724593042,0.8052367297953472,0.25,0.7818957080144344,0.6364928466906741,0.4362085839710631,0.32715643797829735,0.32715643797829735,0.17694324093848016,0.17694324093848016,-0.41936814259054567,-1.004617113846359
8,2304,7,True,0.3982316569464037,0.6728435620217026,0.2181042919855315,0.07873257408877599,0.8499503724593042,0.681753576654193,0.25,0.7818957080144344,0.6364928466906741,0.4362085839710631,0.32715643797829735,0.32715643797829735,0.17694324093848016,-0.0,-1.0466177749546988,-0.10195492041685952
8,960,8,False,0.4306398248254766,0.6728435620217026,0.21810429198553155,0.08305080029006218,0.8415660740508987,0.7640756787482959,0.25,0.7818957080144344,0.6364928466906741,0.4362085839710631,0.32715643797829735,0.32715643797829735,0.21810429198553155,0.21810429198553155,-0.10321964044937047,-1.3750357543663017
8,1152,7,True,0.40337678832728513,0.6728435620217026,0.21810429198553155,0.08305080029006218,0.8415660740508987,0.7640756787482959,0.25,0.7818957080144344,0.6364928466906741,0.4362085839710631,0.32715643797829735,0.32715643797829735,0.21810429198553155,-0.0,-0.8763819055880168,-0.26239365763598643
8,2400,8,False,0.4015729124337366,0.6728435620217026,0.2181042919855315,0.07873257408877599,0.8499503724593042,0.5871324378098157,0.25,0.7818957080144344,0.6364928466906741,0.4362085839710631,0.32715643797829735,0.17694324093848016,0.17694324093848016,0.17694324093848016,-1.1395689416671708,-0.7338198501805796
8,2880,7,True,0.37945500731642656,0.6728435620217026,0.2181042919855315,0.07873257408877599,0.8499503724593042,0.7640756787482959,0.25,0.7818957080144344,0.6364928466906741,0.4362085839710631,0.32715643797829735,0.17694324093848016,0.17694324093848016,-0.0,-1.766818574031324,0.16884234324891992
8,3456,6,True,0.3573371021991165,0.6728435620217026,0.2181042919855315,0.078732574088776,0.8499503724593042,0.4636492846686615,0.25,0.7818957080144344,0.6364928466906741,0.4362085839710631,0.32715643797829735,0.17694324093848016,-0.0,-0.0,-2.498629003635946,0.8585368338774122
8,1200,8,False,0.4170083065763808,0.6728435620217026,0.21810429198553155,0.08305080029006218,0.8415660740508987,0.5459713867627645,0.25,0.7818957080144344,0.6364928466906741,0.4362085839710631,0.32715643797829735,0.21810429198553155,0.21810429198553155,0.21810429198553155,-0.6260727867291358,-1.1784416913034255
8,1440,7,True,0.3897452700781894,0.6728435620217026,0.21810429198553155,0.08305080029006218,0.8415660740508987,0.7640756787482961,0.25,0.7818957080144344,0.6364928466906741,0.4362085839710631,0.32715643797829735,0.21810429198553155,0.21810429198553155,-0.0,-1.399235051867782,-0.06579959457311016
8,1728,6,True,0.362482233579998,0.6728435620217026,0.21810429198553155,0.08305080029006218,0.8415660740508987,0.5459713867627644,0.25,0.7818957080144344,0.6364928466906741,0.4362085839710631,0.32715643797829735,0.21810429198553155,-0.0,-0.0,-2.3012813508390857,0.784333633274509
8,768,8,False,0.4487358154663378,0.6609383023103279,0.2181042919855315,0.07562412050554279,0.8560013928338271,0.42248823362161003,0.25,0.7818957080144344,0.6364928466906741,0.4773696350181145,0.33906169768967215,0.33906169768967215,0.33906169768967215,0.17694324093848016,0.6003663390565165,-1.4090707539414284
8,768,8,False,0.45165344318897915,0.6609383023103279,0.2181042919855315,0.07708251960942686,0.853459568615111,0.44582925540274077,0.25,0.7818957080144344,0.6364928466906741,0.4773696350181145,0.33906169768967215,0.33906169768967215,0.33906169768967215,0.20028426271961083,0.6831083938169364,-1.528143162732485
8,960,8,False,0.4284710083724388,0.6609383023103279,0.2181042919855315,0.07562412050554279,0.8560013928338271,0.746725147123994,0.25,0.7818957080144344,0.6364928466906741,0.4773696350181145,0.33906169768967215,0.33906169768967215,0.17694324093848016,0.17694324093848016,-0.07013102977588197,-0.7771607365965691
8,1152,7,True,0.4063531032551288,0.6609383023103279,0.2181042919855315,0.07562412050554279,0.8560013928338271,0.5994314745600902,0.25,0.7818957080144344,0.6364928466906741,0.4773696350181145,0.33906169768967215,0.33906169768967215,0.17694324093848016,-0.0,-0.6973806621400351,0.12550145683293037
8,960,8,False,0.4343062638177215,0.6609383023103279,0.2181042919855315,0.07708251960942686,0.853459568615111,0.7233841253428634,0.25,0.7818957080144344,0.6364928466906741,0.4773696350181145,0.33906169768967215,0.33906169768967215,0.20028426271961083,0.20028426271961083,0.10914595384909337,-0.9872124562824822
8,1152,7,True,0.4092707309777701,0.6609383023103279,0.2181042919855315,0.07708251960942686,0.853459568615111,0.6461135181223516,0.25,0.7818957080144344,0.6364928466906741,0.4773696350181145,0.33906169768967215,0.33906169768967215,0.20028426271961083,-0.0,-0.6008457332754797,0.03452214593807399
8,1200,8,False,0.4082062012785398,0.6609383023103279,0.2181042919855315,0.07562412050554279,0.8560013928338271,0.4701092724671093,0.25,0.7818957080144344,0.6364928466906741,0.4773696350181145,0.33906169768967215,0.17694324093848016,0.17694324093848016,0.17694324093848016,-0.8474118839096813,-0.4849012324845247
8,1440,7,True,0.3860882961612298,0.6609383023103279,0.2181042919855315,0.07562412050554279,0.8560013928338271,0.6470525134055894,0.25,0.7818957080144344,0.6364928466906741,0.4773696350181145,0.33906169768967215,0.17694324093848016,0.17694324093848016,-0.0,-1.4746615162738343,0.41776096094497484
8,1728,6,True,0.36397039104391976,0.6609383023103279,0.2181042919855315,0.07562412050554279,0.8560013928338271,0.32281559990320546,0.25,0.7818957080144344,0.6364928466906741,0.4773696350181145,0.33906169768967215,0.17694324093848016,-0.0,-0.0,-2.206471945878456,1.1074554515734671
8,1200,8,False,0.4169590844464638,0.6609383023103279,0.2181042919855315,0.07708251960942686,0.853459568615111,0.4467682506859786,0.25,0.7818957080144344,0.6364928466906741,0.4773696350181145,0.33906169768967215,0.20028426271961083,0.20028426271961083,0.20028426271961083,-0.5562258079459061,-0.7370310448683657
8,1440,7,True,0.3919235516065125,0.6609383023103279,0.2181042919855315,0.07708251960942686,0.853459568615111,0.6470525134055894,0.25,0.7818957080144344,0.6364928466906741,0.4773696350181145,0.33906169768967215,0.20028426271961083,0.20028426271961083,-0.0,-1.2662174950704792,0.2847035573521905
8,1728,6,True,0.36688801876656113,0.6609383023103279,0.2181042919855315,0.07708251960942686,0.853459568615111,0.3694976434654668,0.25,0.7818957080144344,0.6364928466906741,0.4773696350181145,0.33906169768967215,0.20028426271961083,-0.0,-0.0,-2.0945628535396565,1.065377358875539
8,576,8,False,0.4660243076323931,0.5226303649818855,0.2181042919855315,0.07562412050554279,0.8560013928338271,0.6991041082784948,0.25,0.7818957080144344,0.6364928466906741,0.4773696350181145,0.4773696350181145,0.33906169768967215,0.33906169768967215,0.17694324093848016,1.3217575415893772,-1.2179766546996171
8,576,8,False,0.4689419353550345,0.5226303649818855,0.2181042919855315,0.07708251960942686,0.853459568615111,0.7224451300596255,0.25,0.7818957080144344,0.6364928466906741,0.4773696350181145,0.4773696350181145,0.33906169768967215,0.33906169768967215,0.20028426271961083,1.404499596349797,-1.3370490634906738
8,720,8,False,0.4457595005384941,0.5226303649818855,0.2181042919855315,0.07562412050554279,0.8560013928338271,0.746725147123994,0.25,0.7818957080144344,0.6364928466906741,0.4773696350181145,0.4773696350181145,0.33906169768967215,0.17694324093848016,0.17694324093848016,0.6512601727569787,-0.5860666373547577
8,864,7,True,0.4236415954211841,0.5226303649818855,0.2181042919855315,0.07562412050554279,0.8560013928338271,0.5994314745600902,0.25,0.7818957080144344,0.6364928466906741,0.4773696350181145,0.4773696350181145,0.33906169768967215,0.17694324093848016,-0.0,0.024010540392825623,0.3165955560747418
8,720,8,False,0.4515947559837768,0.5226303649818855,0.2181042919855315,0.07708251960942686,0.853459568615111,0.7233841253428634,0.25,0.7818957080144344,0.6364928466906741,0.4773696350181145,0.4773696350181145,0.33906169768967215,0.20028426271961083,0.20028426271961083,0.830537156381954,-0.7961183570406707
8,864,7,True,0.42655922314382544,0.5226303649818855,0.2181042919855315,0.07708251960942686,0.853459568615111,0.6461135181223516,0.25,0.7818957080144344,0.6364928466906741,0.4773696350181145,0.4773696350181145,0.33906169768967215,0.20028426271961083,-0.0,0.12054546925738101,0.22561624517988546
8,432,8,False,0.48331279979844843,0.5226303649818855,0.2181042919855315,0.07562412050554279,0.8560013928338271,0.42248823362161003,0.25,0.7818957080144344,0.6364928466906741,0.4773696350181145,0.4773696350181145,0.4773696350181145,0.33906169768967215,0.17694324093848016,1.9848782856088285,-1.4673116779191313
8,432,8,False,0.48623042752108975,0.5226303649818855,0.2181042919855315,0.07708251960942686,0.853459568615111,0.44582925540274077,0.25,0.7818957080144344,0.6364928466906741,0.4773696350181145,0.4773696350181145,0.4773696350181145,0.33906169768967215,0.20028426271961083,2.067620340369248,-1.586384086710188
8,432,8,False,0.4849327774293084,0.5226303649818855,0.2181042919855315,0.07640773429644847,0.8544671250575558,0.42248823362161003,0.25,0.7818957080144344,0.6364928466906741,0.4773696350181145,0.4773696350181145,0.4773696350181145,0.3520215187365518,0.17694324093848016,2.0384781414587247,-1.5178268438455413
8,720,8,False,0.4473794781693541,0.5226303649818855,0.2181042919855315,0.07640773429644847,0.8544671250575558,0.7726447892177533,0.25,0.7818957080144344,0.6364928466906741,0.4773696350181145,0.4773696350181145,0.3520215187365518,0.17694324093848016,0.17694324093848016,0.7133963475923941,-0.6094299912161559
8,864,7,True,0.42526157305204404,0.5226303649818855,0.2181042919855315,0.07640773429644847,0.8544671250575558,0.5994314745600902,0.25,0.7818957080144344,0.6364928466906741,0.4773696350181145,0.4773696350181145,0.3520215187365518,0.17694324093848016,-0.0,0.08614671522824106,0.2932322022133436
8,576,8,False,0.46926426289411305,0.5226303649818855,0.2181042919855315,0.07640773429644847,0.8544671250575558,0.6731844661847355,0.25,0.7818957080144344,0.6364928466906741,0.4773696350181145,0.4773696350181145,0.3520215187365518,0.3520215187365518,0.17694324093848016,1.437493572274689,-1.2918551744874252
8,1200,8,False,0.40982617890939976,0.6479784812634481,0.2181042919855315,0.07640773429644845,0.8544671250575558,0.5219485566546279,0.25,0.7818957080144344,0.6364928466906741,0.4773696350181145,0.3520215187365518,0.17694324093848016,0.17694324093848016,0.17694324093848016,-0.7798156123564607,-0.4669952078764978
8,1440,7,True,0.3877082737920898,0.6479784812634481,0.2181042919855315,0.07640773429644845,0.8544671250575558,0.698891797593108,0.25,0.7818957080144344,0.6364928466906741,0.4773696350181145,0.3520215187365518,0.17694324093848016,0.17694324093848016,-0.0,-1.4070652447206138,0.43566698555300176
8,1728,6,True,0.36559036867477973,0.6479784812634481,0.2181042919855315,0.07640773429644845,0.8544671250575558,0.34873524199696476,0.25,0.7818957080144344,0.6364928466906741,0.4773696350181145,0.3520215187365518,0.17694324093848016,-0.0,-0.0,-2.1388756743252357,1.125361476181494
8,960,8,False,0.43171096363415873,0.6479784812634481,0.2181042919855315,0.07640773429644845,0.8544671250575558,0.7726447892177533,0.25,0.7818957080144344,0.6364928466906741,0.4773696350181145,0.3520215187365518,0.3520215187365518,0.17694324093848016,0.17694324093848016,0.05960141661275394,-0.7826180658499404
8,1152,7,True,0.40959305851684874,0.6479784812634481,0.2181042919855315,0.07640773429644845,0.8544671250575558,0.5994314745600902,0.25,0.7818957080144344,0.6364928466906741,0.4773696350181145,0.3520215187365518,0.3520215187365518,0.17694324093848016,-0.0,-0.5676482157513992,0.12004412757955915
8,768,8,False,0.4535957483589177,0.6479784812634481,0.2181042919855315,0.07640773429644845,0.8544671250575558,0.42248823362161003,0.25,0.7818957080144344,0.6364928466906741,0.4773696350181145,0.3520215187365518,0.3520215187365518,0.3520215187365518,0.17694324093848016,0.7836986412950486,-1.4650432491212098
8,216,8,False,0.48585602188628796,0.5226303649818855,0.21810429198553155,0.08058364901260945,0.8463945511372284,0.5816114452946055,0.25,0.7818957080144344,0.6364928466906741,0.4773696350181145,0.4773696350181145,0.4773696350181145,0.31824642334533704,0.21810429198553155,2.044702098152194,-1.5961572018558892
8,216,8,False,0.4763145703941287,0.5226303649818855,0.2181042919855315,0.0754936604383557,0.8562514278105621,0.4567197992290309,0.25,0.7818957080144344,0.6364928466906741,0.4773696350181145,0.4773696350181145,0.4773696350181145,0.31824642334533704,0.1417726800482577,1.7741126409258237,-1.2067574152697218
8,216,8,False,0.49471681438930404,0.5226303649818855,0.21810429198553155,0.08188226035093064,0.8431795771604657,0.46364928466866145,0.25,0.7818957080144344,0.6364928466906741,0.4773696350181145,0.4773696350181145,0.4773696350181145,0.38913276336946584,0.21810429198553155,2.337877258000165,-1.8724600316003592
8,216,8,False,0.48957168300842263,0.5226303649818855,0.2181042919855315,0.08150975418491971,0.8437836251985139,0.4929807966066211,0.25,0.7818957080144344,0.6364928466906741,0.4773696350181145,0.4773696350181145,0.4773696350181145,0.38913276336946584,0.17694324093848016,2.1919646252256717,-1.6624801282995436
8,216,8,False,0.4742775741080564,0.5226303649818855,0.2181042919855315,0.0754652005319879,0.8563007179970658,0.45461067655758497,0.25,0.7818957080144344,0.6364928466906741,0.4773696350181145,0.4773696350181145,0.4773696350181145,0.30195045305675816,0.1417726800482577,1.7067149773900046,-1.1432385101797775
8,216,8,False,0.47867389421933415,0.5226303649818855,0.2181042919855315,0.07643565410856541,0.8544119636906241,0.5233121733077668,0.25,0.7818957080144344,0.6364928466906741,0.4773696350181145,0.4773696350181145,0.4773696350181145,0.30195045305675816,0.17694324093848016,1.8313918018418818,-1.3226583934651293
8,288,8,False,0.4659656204271908,0.5226303649818855,0.21810429198553155,0.08058364901260945,0.8463945511372284,0.7818957080142165,0.25,0.7818957080144344,0.6364928466906741,0.4773696350181145,0.4773696350181145,0.31824642334533704,0.31824642334533704,0.21810429198553155,1.281782018846539,-1.3092973842376223
8,288,8,False,0.45642416893503157,0.5226303649818855,0.2181042919855315,0.0754936604383557,0.8562514278105621,0.7749662225745859,0.25,0.7818957080144344,0.6364928466906741,0.4773696350181145,0.4773696350181145,0.31824642334533704,0.31824642334533704,0.1417726800482577,1.0111925616201685,-0.9198975976514548
8,360,8,False,0.4534478540072151,0.5226303649818855,0.21810429198553155,0.08058364901260945,0.8463945511372284,0.7818957080142164,0.25,0.7818957080144344,0.6364928466906741,0.4773696350181145,0.4773696350181145,0.31824642334533704,0.21810429198553155,0.21810429198553155,0.8676093396119501,-0.9189604834759478
8,432,7,True,0.42618481750902365,0.5226303649818855,0.21810429198553155,0.08058364901260945,0.8463945511372284,0.7997157372801371,0.25,0.7818957080144344,0.6364928466906741,0.4773696350181145,0.4773696350181145,0.31824642334533704,0.21810429198553155,-0.0,0.09444707447330379,0.19368161325436747
8,360,8,False,0.43436495102289663,0.5226303649818855,0.2181042919855315,0.0754936604383557,0.8562514278105621,0.7402651593255463,0.25,0.7818957080144344,0.6364928466906741,0.4773696350181145,0.4773696350181145,0.31824642334533704,0.1417726800482577,0.1417726800482577,0.28132390311021854,-0.2320331285311015
8,432,7,True,0.4166433660168644,0.5226303649818855,0.2181042919855315,0.0754936604383557,0.8562514278105621,0.5984924792772885,0.25,0.7818957080144344,0.6364928466906741,0.4773696350181145,0.4773696350181145,0.31824642334533704,0.1417726800482577,-0.0,-0.22124890480205733,0.49120918161304633
8,360,8,False,0.4623086465102312,0.5226303649818855,0.21810429198553155,0.08188226035093064,0.8431795771604657,0.8057062274365301,0.25,0.7818957080144344,0.6364928466906741,0.4773696350181145,0.4773696350181145,0.38913276336946584,0.21810429198553155,0.21810429198553155,1.2074756079229987,-1.046751032429698
8,432,7,True,0.4350456100120398,0.5226303649818855,0.21810429198553155,0.08188226035093064,0.8431795771604657,0.681753576654193,0.25,0.7818957080144344,0.6364928466906741,0.4773696350181145,0.4773696350181145,0.38913276336946584,0.21810429198553155,-0.0,0.4343133427843524,0.06589106430061717
8,288,8,False,0.48368720543322297,0.5226303649818855,0.21810429198553155,0.08188226035093064,0.8431795771604657,0.6401230279659589,0.25,0.7818957080144344,0.6364928466906741,0.4773696350181145,0.4773696350181145,0.38913276336946584,0.38913276336946584,0.21810429198553155,1.9148234470055585,-1.7133907629358425
8,288,8,False,0.47854207405234156,0.5226303649818855,0.2181042919855315,0.08150975418491971,0.8437836251985139,0.6694545399039185,0.25,0.7818957080144344,0.6364928466906741,0.4773696350181145,0.4773696350181145,0.38913276336946584,0.38913276336946584,0.17694324093848016,1.7689108142310654,-1.5034108596350269
8,432,7,True,0.4299004786311583,0.5226303649818855,0.2181042919855315,0.08150975418491971,0.8437836251985139,0.6699240375451012,0.25,0.7818957080144344,0.6364928466906741,0.4773696350181145,0.4773696350181145,0.38913276336946584,0.17694324093848016,-0.0,0.2640774734176704,0.2263298015197441
8,360,8,False,0.45201838374846837,0.5226303649818855,0.2181042919855315,0.08150975418491971,0.8437836251985139,0.8468672784835813,0.25,0.7818957080144344,0.6364928466906741,0.4773696350181145,0.4773696350181145,0.38913276336946584,0.17694324093848016,0.17694324093848016,0.8913271057818235,-0.6763323919097555
8,288,8,False,0.4523501763628868,0.5226303649818855,0.2181042919855315,0.0754652005319879,0.8563007179970658,0.7749662225745859,0.25,0.7818957080144344,0.6364928466906741,0.4773696350181145,0.4773696350181145,0.30195045305675816,0.30195045305675816,0.1417726800482577,0.8656634751811242,-0.8270010862666638
8,288,8,False,0.45674649647416465,0.5226303649818855,0.2181042919855315,0.07643565410856541,0.8544119636906241,0.7733265975443229,0.25,0.7818957080144344,0.6364928466906741,0.4773696350181145,0.4773696350181145,0.30195045305675816,0.30195045305675816,0.17694324093848016,0.9903402996330014,-1.0064209695520157
8,360,8,False,0.4323279547368243,0.5226303649818855,0.2181042919855315,0.0754652005319879,0.8563007179970658,0.7381560366541003,0.25,0.7818957080144344,0.6364928466906741,0.4773696350181145,0.4773696350181145,0.30195045305675816,0.1417726800482577,0.1417726800482577,0.20319248020699338,-0.20265552223625463
8,432,7,True,0.41460636973079207,0.5226303649818855,0.2181042919855315,0.0754652005319879,0.8563007179970658,0.5963833566058426,0.25,0.7818957080144344,0.6364928466906741,0.4773696350181145,0.4773696350181145,0.30195045305675816,0.1417726800482577,-0.0,-0.29938032770528256,0.5205867879078931
8,432,7,True,0.41900268984206984,0.5226303649818855,0.2181042919855315,0.07643565410856541,0.8544119636906241,0.7002554142462469,0.25,0.7818957080144344,0.6364928466906741,0.4773696350181145,0.4773696350181145,0.30195045305675816,0.17694324093848016,-0.0,-0.15392021779660342,0.38349795676834125
8,360,8,False,0.4411205949593799,0.5226303649818855,0.2181042919855315,0.07643565410856541,0.8544119636906241,0.7733265975443228,0.25,0.7818957080144344,0.6364928466906741,0.4773696350181145,0.4773696350181145,0.30195045305675816,0.17694324093848016,0.17694324093848016,0.4733294145675497,-0.5191642366611583
8,384,8,False,0.4460752189680936,0.681753576654663,0.21810429198553155,0.08058364901260945,0.8463945511372284,0.46364928466909733,0.25,0.7818957080144344,0.6364928466906741,0.4773696350181145,0.31824642334533704,0.31824642334533704,0.31824642334533704,0.21810429198553155,0.4518218066070794,-1.5291510483904196
8,384,8,False,0.43653376747593436,0.681753576654663,0.2181042919855315,0.0754936604383557,0.8562514278105621,0.45671979922946676,0.25,0.7818957080144344,0.6364928466906741,0.4773696350181145,0.31824642334533704,0.31824642334533704,0.31824642334533704,0.1417726800482577,0.181232349380709,-1.1397512618042522
8,480,8,False,0.43355745254811795,0.681753576654663,0.21810429198553155,0.08058364901260946,0.8463945511372284,0.6639335473887082,0.25,0.7818957080144344,0.6364928466906741,0.4773696350181145,0.31824642334533704,0.31824642334533704,0.21810429198553155,0.21810429198553155,0.03764912737249062,-1.138814147628745
8,576,7,True,0.4062944160499265,0.681753576654663,0.21810429198553155,0.08058364901260946,0.8463945511372284,0.6817535766546289,0.25,0.7818957080144344,0.6364928466906741,0.4773696350181145,0.31824642334533704,0.31824642334533704,0.21810429198553155,-0.0,-0.7355131377661557,-0.026172050898429805
8,480,8,False,0.4144745495637995,0.681753576654663,0.2181042919855315,0.0754936604383557,0.8562514278105621,0.7402651593259821,0.25,0.7818957080144344,0.6364928466906741,0.4773696350181145,0.31824642334533704,0.31824642334533704,0.1417726800482577,0.1417726800482577,-0.5486363091292409,-0.4518867926838988
8,576,7,True,0.39675296455776726,0.681753576654663,0.2181042919855315,0.0754936604383557,0.8562514278105621,0.5984924792777244,0.25,0.7818957080144344,0.6364928466906741,0.4773696350181145,0.31824642334533704,0.31824642334533704,0.1417726800482577,-0.0,-1.0512091170415168,0.271355517460249
8,600,8,False,0.42103968612814224,0.681753576654663,0.21810429198553155,0.08058364901260946,0.8463945511372284,0.46364928466909733,0.25,0.7818957080144344,0.6364928466906741,0.4773696350181145,0.31824642334533704,0.21810429198553155,0.21810429198553155,0.21810429198553155,-0.44248473867824467,-0.9582826385183565
8,720,7,True,0.3937766496299508,0.681753576654663,0.21810429198553155,0.08058364901260946,0.8463945511372284,0.6817535766546289,0.25,0.7818957080144344,0.6364928466906741,0.4773696350181145,0.31824642334533704,0.21810429198553155,0.21810429198553155,-0.0,-1.215647003816891,0.15435945821195882
8,864,6,True,0.36651361313175934,0.681753576654663,0.21810429198553155,0.08058364901260945,0.8463945511372284,0.4814693139350179,0.25,0.7818957080144344,0.6364928466906741,0.4773696350181145,0.31824642334533704,0.21810429198553155,-0.0,-0.0,-2.1176933027881946,1.004492686059578
8,600,8,False,0.39241533165166453,0.681753576654663,0.2181042919855315,0.0754936604383557,0.8562514278105621,0.42201873598042716,0.25,0.7818957080144344,0.6364928466906741,0.4773696350181145,0.31824642334533704,0.1417726800482577,0.1417726800482577,0.1417726800482577,-1.3947439311174086,-0.1337482553552586
8,720,7,True,0.3746937466456323,0.681753576654663,0.2181042919855315,0.0754936604383557,0.8562514278105621,0.5637914160286849,0.25,0.7818957080144344,0.6364928466906741,0.4773696350181145,0.31824642334533704,0.1417726800482577,0.1417726800482577,-0.0,-1.8973167390296846,0.5894940547888892
8,864,6,True,0.3569721616396001,0.681753576654663,0.2181042919855315,0.0754936604383557,0.8562514278105621,0.2802460559321695,0.25,0.7818957080144344,0.6364928466906741,0.4773696350181145,0.31824642334533704,0.1417726800482577,-0.0,-0.0,-2.4836670587256267,1.1420997142778295
8,600,8,False,0.4299004786311583,0.6108672366305341,0.21810429198553155,0.08188226035093064,0.8431795771604657,0.6292324841392327,0.25,0.7818957080144344,0.6364928466906741,0.4773696350181145,0.38913276336946584,0.21810429198553155,0.21810429198553155,0.21810429198553155,-0.07275337646637046,-0.8603420462637571
8,720,7,True,0.40263744213296687,0.6108672366305341,0.21810429198553155,0.08188226035093064,0.8431795771604657,0.8473367761247643,0.25,0.7818957080144344,0.6364928466906741,0.4773696350181145,0.38913276336946584,0.21810429198553155,0.21810429198553155,-0.0,-0.8459156416050168,0.25230005046655823
8,864,6,True,0.3753744056347754,0.6108672366305341,0.21810429198553155,0.08188226035093064,0.8431795771604657,0.5052798333568956,0.25,0.7818957080144344,0.6364928466906741,0.4773696350181145,0.38913276336946584,0.21810429198553155,-0.0,-0.0,-1.7479619405763205,1.1024332783141775
8,480,8,False,0.4512790375541501,0.6108672366305341,0.21810429198553155,0.08188226035093064,0.8431795771604657,0.8057062274365301,0.25,0.7818957080144344,0.6364928466906741,0.4773696350181145,0.38913276336946584,0.38913276336946584,0.21810429198553155,0.21810429198553155,0.7472467578954134,-1.168664104327896
8,576,7,True,0.42401600105595866,0.6108672366305341,0.21810429198553155,0.08188226035093064,0.8431795771604657,0.681753576654193,0.25,0.7818957080144344,0.6364928466906741,0.4773696350181145,0.38913276336946584,0.38913276336946584,0.21810429198553155,-0.0,-0.025915507243232834,-0.05602200759758071
8,384,8,False,0.4726575964771419,0.6108672366305341,0.21810429198553155,0.08188226035093064,0.8431795771604657,0.46364928466866145,0.25,0.7818957080144344,0.6364928466906741,0.4773696350181145,0.38913276336946584,0.38913276336946584,0.38913276336946584,0.21810429198553155,1.4545945969779732,-1.8353038348340405
8,384,8,False,0.4675124650962605,0.6108672366305341,0.2181042919855315,0.08150975418491971,0.8437836251985139,0.4929807966066211,0.25,0.7818957080144344,0.6364928466906741,0.4773696350181145,0.38913276336946584,0.38913276336946584,0.38913276336946584,0.17694324093848016,1.3086819642034802,-1.6253239315332249
8,576,7,True,0.41887086967507725,0.6108672366305341,0.2181042919855315,0.08150975418491971,0.8437836251985139,0.6699240375451012,0.25,0.7818957080144344,0.6364928466906741,0.4773696350181145,0.38913276336946584,0.38913276336946584,0.17694324093848016,-0.0,-0.19615137660991477,0.10441672962154616
8,480,8,False,0.4409887747923873,0.6108672366305341,0.2181042919855315,0.08150975418491971,0.8437836251985139,0.8468672784835813,0.25,0.7818957080144344,0.6364928466906741,0.4773696350181145,0.38913276336946584,0.38913276336946584,0.17694324093848016,0.17694324093848016,0.4310982557542383,-0.7982454638079534
8,864,6,True,0.370229274253894,0.6108672366305341,0.2181042919855315,0.08150975418491971,0.8437836251985139,0.49345029424780384,0.25,0.7818957080144344,0.6364928466906741,0.4773696350181145,0.38913276336946584,0.17694324093848016,-0.0,-0.0,-1.9453095933731805,1.1766364789170807
8,720,7,True,0.392347179371204,0.6108672366305341,0.2181042919855315,0.08150975418491971,0.8437836251985139,0.8473367761247641,0.25,0.7818957080144344,0.6364928466906741,0.4773696350181145,0.38913276336946584,0.17694324093848016,0.17694324093848016,-0.0,-1.2134991637685588,0.48694198828858837
8,600,8,False,0.41446508448851405,0.6108672366305341,0.2181042919855315,0.08150975418491971,0.8437836251985139,0.670393535186284,0.25,0.7818957080144344,0.6364928466906741,0.4773696350181145,0.38913276336946584,0.17694324093848016,0.17694324093848016,0.17694324093848016,-0.5862495314044057,-0.4157202051409112
8,384,8,False,0.43042277861771727,0.6980495469432418,0.2181042919855315,0.0754652005319879,0.8563007179970658,0.45671979922946676,0.25,0.7818957080144344,0.6364928466906741,0.4773696350181145,0.30195045305675816,0.30195045305675816,0.30195045305675816,0.1417726800482577,-0.04929380830379136,-1.0693701882440618
8,384,8,False,0.4348190987289951,0.6980495469432418,0.2181042919855315,0.07643565410856541,0.8544119636906241,0.4550801741992037,0.25,0.7818957080144344,0.6364928466906741,0.4773696350181145,0.30195045305675816,0.30195045305675816,0.30195045305675816,0.17694324093848016,0.07538301614808586,-1.2487900715294136
8,480,8,False,0.4104005569916548,0.6980495469432418,0.2181042919855315,0.0754652005319879,0.8563007179970658,0.7402651593259821,0.25,0.7818957080144344,0.6364928466906741,0.4773696350181145,0.30195045305675816,0.30195045305675816,0.1417726800482577,0.1417726800482577,-0.7117648032779221,-0.4450246242136525
8,576,7,True,0.3926789719856225,0.6980495469432418,0.2181042919855315,0.0754652005319879,0.8563007179970658,0.5984924792777244,0.25,0.7818957080144344,0.6364928466906741,0.4773696350181145,0.30195045305675816,0.30195045305675816,0.1417726800482577,-0.0,-1.214337611190198,0.2782176859304953
8,576,7,True,0.39707529209690035,0.6980495469432418,0.2181042919855315,0.07643565410856541,0.8544119636906241,0.6320234151376839,0.25,0.7818957080144344,0.6364928466906741,0.4773696350181145,0.30195045305675816,0.30195045305675816,0.17694324093848016,-0.0,-1.068877501281519,0.14112885479094336
8,480,8,False,0.41919319721421033,0.6980495469432418,0.2181042919855315,0.07643565410856541,0.8544119636906241,0.7050945984357597,0.25,0.7818957080144344,0.6364928466906741,0.4773696350181145,0.30195045305675816,0.30195045305675816,0.17694324093848016,0.17694324093848016,-0.44162786891736594,-0.7615333386385562
8,600,8,False,0.3903783353655922,0.6980495469432418,0.2181042919855315,0.0754652005319879,0.8563007179970658,0.41990961330898124,0.25,0.7818957080144344,0.6364928466906741,0.4773696350181145,0.30195045305675816,0.1417726800482577,0.1417726800482577,0.1417726800482577,-1.4797410023628645,-0.15626369317985922
8,720,7,True,0.37265675035956,0.6980495469432418,0.2181042919855315,0.0754652005319879,0.8563007179970658,0.561682293357239,0.25,0.7818957080144344,0.6364928466906741,0.4773696350181145,0.30195045305675816,0.1417726800482577,0.1417726800482577,-0.0,-1.9823138102751405,0.5669786169642886
8,864,6,True,0.35493516535352776,0.6980495469432418,0.2181042919855315,0.0754652005319879,0.8563007179970658,0.27813693326072353,0.25,0.7818957080144344,0.6364928466906741,0.4773696350181145,0.30195045305675816,0.1417726800482577,-0.0,-0.0,-2.568664129971083,1.1195842764532289
8,864,6,True,0.3593314854648056,0.6980495469432418,0.2181042919855315,0.07643565410856541,0.8544119636906241,0.38200899090112783,0.25,0.7818957080144344,0.6364928466906741,0.4773696350181145,0.30195045305675816,0.17694324093848016,-0.0,-0.0,-2.4000380268305106,1.0561804488378805
8,720,7,True,0.3814493905821156,0.6980495469432418,0.2181042919855315,0.07643565410856541,0.8544119636906241,0.6320234151376838,0.25,0.7818957080144344,0.6364928466906741,0.4773696350181145,0.30195045305675816,0.17694324093848016,0.17694324093848016,-0.0,-1.668227597225889,0.36648595820938834
8,600,8,False,0.4035672956994256,0.6980495469432418,0.2181042919855315,0.07643565410856541,0.8544119636906241,0.45508017419920366,0.25,0.7818957080144344,0.6364928466906741,0.4773696350181145,0.30195045305675816,0.17694324093848016,0.17694324093848016,0.17694324093848016,-1.0409779648617359,-0.5361762352201112
8,96,8,False,0.5194667736943478,0.4362085839710971,0.21810429198553158,0.09935053127802923,0.7688646433890525,0.45402861323698385,0.375,0.7818957080144344,0.5637914160289029,0.5637914160289029,0.5637914160289029,0.5637914160289029,0.4183885547051424,0.20028426271961083,3.336182256102764,-2.1508127665831913
8,144,8,False,0.5012914160288777,0.4362085839710971,0.21810429198553158,0.09935053127802923,0.7688646433890525,0.7448343358845049,0.375,0.7818957080144344,0.5637914160289029,0.5637914160289029,0.5637914160289029,0.4183885547051424,0.4183885547051424,0.20028426271961083,2.6390447277293947,-1.8886873491658918
8,96,8,False,0.4910011532671421,0.4362085839710971,0.21810429198553155,0.08581035163024059,0.8356260642955916,0.5267300438989733,0.25,0.7818957080144344,0.5637914160289029,0.5637914160289029,0.5637914160289029,0.4183885547051424,0.31824642334533704,0.21810429198553155,2.28804262650888,-1.5892579429139766
8,96,8,False,0.4814597017749829,0.4362085839710971,0.2181042919855315,0.08104927343967898,0.8454829409689255,0.5198005584593428,0.25,0.7818957080144344,0.5637914160289029,0.5637914160289029,0.5637914160289029,0.4183885547051424,0.31824642334533704,0.1417726800482577,2.017453169282509,-1.1998581563278092
8,240,8,False,0.4740283795306862,0.4362085839710971,0.21810429198553158,0.09935053127802923,0.7688646433890525,0.8545971386762056,0.375,0.7818957080144344,0.5637914160289029,0.5637914160289029,0.5637914160289029,0.4183885547051424,0.20028426271961083,0.20028426271961083,1.7369984287580913,-1.0385541213182725
8,288,7,True,0.4489928466907349,0.4362085839710971,0.21810429198553158,0.09935053127802923,0.7688646433890525,0.6543128759565947,0.375,0.7818957080144344,0.5637914160289029,0.5637914160289029,0.5637914160289029,0.4183885547051424,0.20028426271961083,-0.0,1.0270067416335182,-0.016819519097716312
8,96,8,False,0.5000888320998907,0.4362085839710971,0.21810429198553155,0.08866882764920354,0.827531124986801,0.5816114452950412,0.25,0.7818957080144344,0.5637914160289029,0.5637914160289029,0.5637914160289029,0.4910899853671316,0.31824642334533704,0.21810429198553155,2.636611390696087,-1.7203206516228227
8,96,8,False,0.4905473806077315,0.4362085839710971,0.2181042919855315,0.08406978812200304,0.8373880016601349,0.4292790985314325,0.25,0.7818957080144344,0.5637914160289029,0.5637914160289029,0.5637914160289029,0.4910899853671316,0.31824642334533704,0.1417726800482577,2.366021933469716,-1.3309208650366553
8,96,8,False,0.5126065985198665,0.4362085839710971,0.21810429198553155,0.09246163290876719,0.8173322638303077,0.43620858397106305,0.25,0.7818957080144344,0.5637914160289029,0.5637914160289029,0.5637914160289029,0.4910899853671316,0.4183885547051424,0.21810429198553155,3.0507840699306747,-2.110657552384497
8,216,8,False,0.48311605836340765,0.5816114452948575,0.21810429198553158,0.09935053127802923,0.7688646433890525,0.7448343358845049,0.375,0.7818957080144344,0.5637914160289029,0.5637914160289029,0.4183885547051424,0.4183885547051424,0.4183885547051424,0.20028426271961083,1.880647581418286,-2.0895841982445025
8,144,8,False,0.4728257956016721,0.5816114452948575,0.21810429198553155,0.08581035163024059,0.8356260642955916,0.7270143066185841,0.25,0.7818957080144344,0.5637914160289029,0.5637914160289029,0.4183885547051424,0.4183885547051424,0.31824642334533704,0.21810429198553155,1.529645480197771,-1.7901547919925873
8,144,8,False,0.46328434410951286,0.5816114452948575,0.2181042919855315,0.08104927343967898,0.8454829409689255,0.7200848211789537,0.25,0.7818957080144344,0.5637914160289029,0.5637914160289029,0.4183885547051424,0.4183885547051424,0.31824642334533704,0.1417726800482577,1.2590560229714007,-1.40075500540642
8,360,8,False,0.45585302186521626,0.5816114452948575,0.21810429198553158,0.09935053127802923,0.7688646433890525,1.1454028613237266,0.375,0.7818957080144344,0.5637914160289029,0.5637914160289029,0.4183885547051424,0.4183885547051424,0.20028426271961083,0.20028426271961083,0.9786012824469824,-1.2394509703968832
8,432,7,True,0.4308174890252649,0.5816114452948575,0.21810429198553158,0.09935053127802923,0.7688646433890525,0.9451185986041157,0.375,0.7818957080144344,0.5637914160289029,0.5637914160289029,0.4183885547051424,0.4183885547051424,0.20028426271961083,-0.0,0.26860959532240936,-0.21771636817632703
8,192,8,False,0.46030802918169644,0.5816114452948575,0.21810429198553155,0.08581035163024059,0.8356260642955916,0.727014306618584,0.25,0.7818957080144344,0.5637914160289029,0.5637914160289029,0.4183885547051424,0.31824642334533704,0.31824642334533704,0.21810429198553155,1.0495116141470364,-1.6096232828821988
8,192,8,False,0.4507665776895372,0.5816114452948575,0.2181042919855315,0.08104927343967898,0.8454829409689255,0.7200848211789534,0.25,0.7818957080144344,0.5637914160289029,0.5637914160289029,0.4183885547051424,0.31824642334533704,0.31824642334533704,0.1417726800482577,0.7789221569206659,-1.2202234962960314
8,240,8,False,0.44779026276172074,0.5816114452948575,0.21810429198553155,0.08581035163024059,0.8356260642955916,0.7270143066185843,0.25,0.7818957080144344,0.5637914160289029,0.5637914160289029,0.4183885547051424,0.31824642334533704,0.21810429198553155,0.21810429198553155,0.6353389349124474,-1.2192863821205242
8,288,7,True,0.42052722626352934,0.5816114452948575,0.21810429198553155,0.08581035163024059,0.8356260642955916,0.7448343358845049,0.25,0.7818957080144344,0.5637914160289029,0.5637914160289029,0.4183885547051424,0.31824642334533704,0.21810429198553155,-0.0,-0.1378233302261988,-0.10664428539020901
8,240,8,False,0.42870735977740226,0.5816114452948575,0.2181042919855315,0.08104927343967898,0.8454829409689255,0.8033459185558581,0.25,0.7818957080144344,0.5637914160289029,0.5637914160289029,0.4183885547051424,0.31824642334533704,0.1417726800482577,0.1417726800482577,0.04905349841071606,-0.532359027175678
8,288,7,True,0.4109857747713701,0.5816114452948575,0.2181042919855315,0.08104927343967898,0.8454829409689255,0.6615732385076005,0.25,0.7818957080144344,0.5637914160289029,0.5637914160289029,0.4183885547051424,0.31824642334533704,0.1417726800482577,-0.0,-0.45351930950155983,0.19088328296846976
8,600,8,False,0.42858998536702475,0.5816114452948575,0.21810429198553158,0.09935053127802923,0.7688646433890525,0.8545971386762056,0.375,0.7818957080144344,0.5637914160289029,0.5637914160289029,0.4183885547051424,0.20028426271961083,0.20028426271961083,0.20028426271961083,-0.06710501011254788,-0.8462628442711309
8,720,7,True,0.40355445252707345,0.5816114452948575,0.21810429198553158,0.09935053127802923,0.7688646433890525,1.0548814013958163,0.375,0.7818957080144344,0.5637914160289029,0.5637914160289029,0.4183885547051424,0.20028426271961083,0.20028426271961083,-0.0,-0.7770966972371209,0.17547175794942535
8,864,6,True,0.3785189196871221,0.5816114452948575,0.21810429198553158,0.09935053127802923,0.7688646433890525,0.6543128759565947,0.375,0.7818957080144344,0.5637914160289029,0.5637914160289029,0.4183885547051424,0.20028426271961083,-0.0,-0.0,-1.605442055706298,0.956145559472774
8,144,8,False,0.4910011532671694,0.5089100146328684,0.21810429198553155,0.08866882764920354,0.827531124986801,0.7270143066185838,0.25,0.7818957080144344,0.5637914160289029,0.5637914160289029,0.4910899853671316,0.4910899853671316,0.31824642334533704,0.21810429198553155,2.2574128175411006,-1.8207690761619775
8,144,8,False,0.4814597017750102,0.5089100146328684,0.2181042919855315,0.08406978812200304,0.8373880016601349,0.574681959854975,0.25,0.7818957080144344,0.5637914160289029,0.5637914160289029,0.4910899853671316,0.4910899853671316,0.31824642334533704,0.1417726800482577,1.9868233603147303,-1.43136928957581
8,144,8,False,0.503518919687145,0.5089100146328684,0.21810429198553155,0.09246163290876719,0.8173322638303077,0.5816114452946057,0.25,0.7818957080144344,0.5637914160289029,0.5637914160289029,0.4910899853671316,0.4910899853671316,0.4183885547051424,0.21810429198553155,2.671585496775689,-2.211105976923652
8,192,8,False,0.4693957080144451,0.5089100146328684,0.21810429198553155,0.08866882764920354,0.827531124986801,0.7818957080146521,0.25,0.7818957080144344,0.5637914160289029,0.5637914160289029,0.4910899853671316,0.31824642334533704,0.31824642334533704,0.21810429198553155,1.428710187303159,-1.509174858342743
8,192,8,False,0.45985425652228584,0.5089100146328684,0.2181042919855315,0.08406978812200304,0.8373880016601349,0.7749662225750216,0.25,0.7818957080144344,0.5637914160289029,0.5637914160289029,0.4910899853671316,0.31824642334533704,0.31824642334533704,0.1417726800482577,1.1581207300767886,-1.1197750717565755
8,240,8,False,0.4568779415944694,0.5089100146328684,0.21810429198553155,0.08866882764920354,0.827531124986801,0.7818957080146522,0.25,0.7818957080144344,0.5637914160289029,0.5637914160289029,0.4910899853671316,0.31824642334533704,0.21810429198553155,0.21810429198553155,1.0145375080685701,-1.1188379575810683
8,288,7,True,0.429614905096278,0.5089100146328684,0.21810429198553155,0.08866882764920354,0.827531124986801,0.7997157372805728,0.25,0.7818957080144344,0.5637914160289029,0.5637914160289029,0.4910899853671316,0.31824642334533704,0.21810429198553155,-0.0,0.24137524292992385,-0.006195860850753103
8,240,8,False,0.4377950386101509,0.5089100146328684,0.2181042919855315,0.08406978812200305,0.8373880016601349,0.7128244586279479,0.25,0.7818957080144344,0.5637914160289029,0.5637914160289029,0.4910899853671316,0.31824642334533704,0.1417726800482577,0.1417726800482577,0.42825207156683864,-0.43191060263622205
8,288,7,True,0.42007345360411874,0.5089100146328684,0.2181042919855315,0.08406978812200305,0.8373880016601349,0.5710517785796901,0.25,0.7818957080144344,0.5637914160289029,0.5637914160289029,0.4910899853671316,0.31824642334533704,0.1417726800482577,-0.0,-0.07432073634543725,0.2913317075079257
8,240,8,False,0.4693957080144451,0.5089100146328684,0.21810429198553155,0.09246163290876719,0.8173322638303077,0.8367771094102847,0.25,0.7818957080144344,0.5637914160289029,0.5637914160289029,0.4910899853671316,0.4183885547051424,0.21810429198553155,0.21810429198553155,1.4946713741193047,-1.2993694666914568
8,288,7,True,0.44213267151625363,0.5089100146328684,0.21810429198553155,0.09246163290876719,0.8173322638303077,0.6543128759565946,0.25,0.7818957080144344,0.5637914160289029,0.5637914160289029,0.4910899853671316,0.4183885547051424,0.21810429198553155,-0.0,0.7215091089806585,-0.18672736996114161
8,192,8,False,0.49443124085439644,0.5089100146328684,0.21810429198553155,0.09246163290876719,0.8173322638303077,0.5816114452950414,0.25,0.7818957080144344,0.5637914160289029,0.5637914160289029,0.4910899853671316,0.4183885547051424,0.4183885547051424,0.21810429198553155,2.323016732588482,-2.080043268214806
8,324,8,False,0.4649407006979376,0.5816114452948575,0.21810429198553158,0.09935053127802923,0.7688646433890525,0.45402861323698385,0.375,0.7818957080144344,0.5637914160289029,0.4183885547051424,0.4183885547051424,0.4183885547051424,0.4183885547051424,0.20028426271961083,1.0679482865331227,-2.910791364398859
8,216,8,False,0.454650437936202,0.5816114452948575,0.21810429198553155,0.08581035163024059,0.8356260642955916,0.43620858397106305,0.25,0.7818957080144344,0.5637914160289029,0.4183885547051424,0.4183885547051424,0.4183885547051424,0.31824642334533704,0.21810429198553155,0.7169461853126075,-2.611361958146944
8,216,8,False,0.4451089864440428,0.5816114452948575,0.2181042919855315,0.08104927343967898,0.8454829409689255,0.4292790985314325,0.25,0.7818957080144344,0.5637914160289029,0.4183885547051424,0.4183885547051424,0.4183885547051424,0.31824642334533704,0.1417726800482577,0.4463567280862371,-2.2219621715607767
8,540,8,False,0.4376776641997462,0.5816114452948575,0.21810429198553158,0.09935053127802923,0.7688646433890525,0.8545971386762056,0.375,0.7818957080144344,0.5637914160289029,0.4183885547051424,0.4183885547051424,0.4183885547051424,0.20028426271961083,0.20028426271961083,0.16590198756181898,-2.06065813655124
8,648,7,True,0.41264213135979483,0.5816114452948575,0.21810429198553158,0.09935053127802923,0.7688646433890525,0.6543128759565947,0.375,0.7818957080144344,0.5637914160289029,0.4183885547051424,0.4183885547051424,0.4183885547051424,0.20028426271961083,-0.0,-0.5440896995627541,-1.0389235343306837
8,288,8,False,0.44213267151622637,0.5816114452948575,0.21810429198553155,0.08581035163024059,0.8356260642955916,0.6364928466906737,0.25,0.7818957080144344,0.5637914160289029,0.4183885547051424,0.4183885547051424,0.31824642334533704,0.31824642334533704,0.21810429198553155,0.2368123192618728,-2.4308304490365558
8,288,8,False,0.43259122002406714,0.5816114452948575,0.2181042919855315,0.08104927343967898,0.8454829409689255,0.6295633612510432,0.25,0.7818957080144344,0.5637914160289029,0.4183885547051424,0.4183885547051424,0.31824642334533704,0.31824642334533704,0.1417726800482577,-0.03377713796449762,-2.0414306624503884
8,360,8,False,0.42961490509625067,0.5816114452948575,0.21810429198553155,0.08581035163024059,0.8356260642955916,0.6364928466906741,0.25,0.7818957080144344,0.5637914160289029,0.4183885547051424,0.4183885547051424,0.31824642334533704,0.21810429198553155,0.21810429198553155,-0.17736035997271601,-2.040493548274881
8,432,7,True,0.40235186859805927,0.5816114452948575,0.21810429198553155,0.08581035163024059,0.8356260642955916,0.6543128759565946,0.25,0.7818957080144344,0.5637914160289029,0.4183885547051424,0.4183885547051424,0.31824642334533704,0.21810429198553155,-0.0,-0.9505226251113623,-0.9278514515445657
8,360,8,False,0.4105320021119322,0.5816114452948575,0.2181042919855315,0.08104927343967898,0.8454829409689255,0.7128244586279479,0.25,0.7818957080144344,0.5637914160289029,0.4183885547051424,0.4183885547051424,0.31824642334533704,0.1417726800482577,0.1417726800482577,-0.7636457964744475,-1.3535661933300347
8,432,7,True,0.39281041710590003,0.5816114452948575,0.2181042919855315,0.08104927343967898,0.8454829409689255,0.5710517785796901,0.25,0.7818957080144344,0.5637914160289029,0.4183885547051424,0.4183885547051424,0.31824642334533704,0.1417726800482577,-0.0,-1.2662186043867234,-0.6303238831858868
8,900,8,False,0.4104146277015547,0.5816114452948575,0.21810429198553158,0.09935053127802923,0.7688646433890525,0.8545971386762056,0.375,0.7818957080144344,0.5637914160289029,0.4183885547051424,0.4183885547051424,0.20028426271961083,0.20028426271961083,0.20028426271961083,-0.8798043049977113,-1.6674700104254876
8,1080,7,True,0.3853790948616034,0.5816114452948575,0.21810429198553158,0.09935053127802923,0.7688646433890525,1.0548814013958163,0.375,0.7818957080144344,0.5637914160289029,0.4183885547051424,0.4183885547051424,0.20028426271961083,0.20028426271961083,-0.0,-1.5897959921222844,-0.6457354082049314
8,1296,6,True,0.360343562021652,0.5816114452948575,0.21810429198553158,0.09935053127802923,0.7688646433890525,0.6543128759565947,0.375,0.7818957080144344,0.5637914160289029,0.4183885547051424,0.4183885547051424,0.20028426271961083,-0.0,-0.0,-2.4181413505914615,0.13493839331841737
8,384,8,False,0.42961490509625067,0.681753576654663,0.21810429198553155,0.08581035163024059,0.8356260642955916,0.43620858397106305,0.25,0.7818957080144344,0.5637914160289029,0.4183885547051424,0.31824642334533704,0.31824642334533704,0.31824642334533704,0.21810429198553155,-0.2855123857498153,-2.5691925037240844
8,384,8,False,0.42007345360409143,0.681753576654663,0.2181042919855315,0.08104927343967898,0.8454829409689255,0.4292790985314325,0.25,0.7818957080144344,0.5637914160289029,0.4183885547051424,0.31824642334533704,0.31824642334533704,0.31824642334533704,0.1417726800482577,-0.5561018429761857,-2.1797927171379166
8,480,8,False,0.41709713867627496,0.681753576654663,0.21810429198553155,0.08581035163024059,0.8356260642955916,0.6364928466906741,0.25,0.7818957080144344,0.5637914160289029,0.4183885547051424,0.31824642334533704,0.31824642334533704,0.21810429198553155,0.21810429198553155,-0.699685064984404,-2.1788556029624093
8,576,7,True,0.38983410217808356,0.681753576654663,0.21810429198553155,0.08581035163024059,0.8356260642955916,0.6543128759565946,0.25,0.7818957080144344,0.5637914160289029,0.4183885547051424,0.31824642334533704,0.31824642334533704,0.21810429198553155,-0.0,-1.4728473301230502,-1.0662135062320939
8,480,8,False,0.3980142356919565,0.681753576654663,0.2181042919855315,0.08104927343967898,0.8454829409689255,0.7128244586279479,0.25,0.7818957080144344,0.5637914160289029,0.4183885547051424,0.31824642334533704,0.31824642334533704,0.1417726800482577,0.1417726800482577,-1.2859705014861353,-1.491928248017563
8,576,7,True,0.3802926506859243,0.681753576654663,0.2181042919855315,0.08104927343967898,0.8454829409689255,0.5710517785796901,0.25,0.7818957080144344,0.5637914160289029,0.4183885547051424,0.31824642334533704,0.31824642334533704,0.1417726800482577,-0.0,-1.7885433093984113,-0.7686859378734152
8,600,8,False,0.4045793722562993,0.681753576654663,0.21810429198553155,0.08581035163024059,0.8356260642955916,0.43620858397106327,0.25,0.7818957080144344,0.5637914160289029,0.4183885547051424,0.31824642334533704,0.21810429198553155,0.21810429198553155,0.21810429198553155,-1.1798189310351392,-1.9983240938520206
8,720,7,True,0.37731633575810786,0.681753576654663,0.21810429198553155,0.08581035163024059,0.8356260642955916,0.6543128759565948,0.25,0.7818957080144344,0.5637914160289029,0.4183885547051424,0.31824642334533704,0.21810429198553155,0.21810429198553155,-0.0,-1.9529811961737855,-0.8856819971217054
8,864,6,True,0.3500532992599164,0.681753576654663,0.21810429198553155,0.08581035163024059,0.8356260642955916,0.45402861323698385,0.25,0.7818957080144344,0.5637914160289029,0.4183885547051424,0.31824642334533704,0.21810429198553155,-0.0,-0.0,-2.855027495145089,-0.035548769274086144
8,600,8,False,0.3759550177798216,0.681753576654663,0.2181042919855315,0.08104927343967898,0.8454829409689255,0.5125401959083371,0.25,0.7818957080144344,0.5637914160289029,0.4183885547051424,0.31824642334533704,0.1417726800482577,0.1417726800482577,0.1417726800482577,-2.1320781234743036,-1.1737897106889228
8,720,7,True,0.3582334327737894,0.681753576654663,0.2181042919855315,0.08104927343967898,0.8454829409689255,0.6543128759565948,0.25,0.7818957080144344,0.5637914160289029,0.4183885547051424,0.31824642334533704,0.1417726800482577,0.1417726800482577,-0.0,-2.634650931386579,-0.45054740054477505
8,864,6,True,0.34051184776775717,0.681753576654663,0.2181042919855315,0.08104927343967898,0.8454829409689255,0.37076751586007944,0.25,0.7818957080144344,0.5637914160289029,0.4183885547051424,0.31824642334533704,0.1417726800482577,-0.0,-0.0,-3.2210012510825217,0.10205825894416534
8,1500,8,False,0.38315159120336323,0.7997157372803891,0.21810429198553158,0.09935053127802923,0.7688646433890525,0.5637914160286844,0.375,0.7818957080144344,0.5637914160289029,0.4183885547051424,0.20028426271961083,0.20028426271961083,0.20028426271961083,0.20028426271961083,-2.0174000244638055,-1.968815284043253
8,1800,7,True,0.35811605836341187,0.7997157372803891,0.21810429198553158,0.09935053127802923,0.7688646433890525,0.7640756787482953,0.375,0.7818957080144344,0.5637914160289029,0.4183885547051424,0.20028426271961083,0.20028426271961083,0.20028426271961083,-0.0,-2.7273917115883783,-0.9470806818226967
8,2160,6,True,0.3330805255234605,0.7997157372803891,0.21810429198553158,0.09935053127802923,0.7688646433890525,0.7640756787482953,0.375,0.7818957080144344,0.5637914160289029,0.4183885547051424,0.20028426271961083,0.20028426271961083,-0.0,-0.0,-3.555737070057555,-0.16640688029934794
8,2592,5,True,0.30804499268350916,0.7997157372803891,0.21810429198553158,0.09935053127802923,0.7688646433890525,0.3635071533090736,0.375,0.7818957080144344,0.5637914160289029,0.4183885547051424,0.20028426271961083,-0.0,-0.0,-0.0,-4.516004802159025,0.19465613792142908
8,216,8,False,0.481913474434448,0.5089100146328684,0.21810429198553155,0.08866882764920354,0.827531124986801,0.5816114452950412,0.25,0.7818957080144344,0.5637914160289029,0.4910899853671316,0.4910899853671316,0.4910899853671316,0.31824642334533704,0.21810429198553155,1.8510631700991278,-2.231372659238541
8,216,8,False,0.47237202294228875,0.5089100146328684,0.2181042919855315,0.08406978812200304,0.8373880016601349,0.4292790985314325,0.25,0.7818957080144344,0.5637914160289029,0.4910899853671316,0.4910899853671316,0.4910899853671316,0.31824642334533704,0.1417726800482577,1.5804737128727575,-1.8419728726523732
8,216,8,False,0.49443124085442364,0.5089100146328684,0.21810429198553155,0.09246163290876719,0.8173322638303077,0.43620858397106305,0.25,0.7818957080144344,0.5637914160289029,0.4910899853671316,0.4910899853671316,0.4910899853671316,0.4183885547051424,0.21810429198553155,2.265235849333716,-2.621709560000215
8,288,8,False,0.46030802918172364,0.5089100146328684,0.21810429198553155,0.08866882764920354,0.827531124986801,0.7818957080146521,0.25,0.7818957080144344,0.5637914160289029,0.4910899853671316,0.4910899853671316,0.31824642334533704,0.31824642334533704,0.21810429198553155,1.0223605398611861,-1.919778441419306
8,288,8,False,0.4507665776895644,0.5089100146328684,0.2181042919855315,0.08406978812200304,0.8373880016601349,0.7749662225750216,0.25,0.7818957080144344,0.5637914160289029,0.4910899853671316,0.4910899853671316,0.31824642334533704,0.31824642334533704,0.1417726800482577,0.7517710826348156,-1.5303786548331386
8,360,8,False,0.44779026276174794,0.5089100146328684,0.21810429198553155,0.08866882764920354,0.827531124986801,0.7818957080146522,0.25,0.7818957080144344,0.5637914160289029,0.4910899853671316,0.4910899853671316,0.31824642334533704,0.21810429198553155,0.21810429198553155,0.6081878606265972,-1.5294415406576314
8,432,7,True,0.42052722626355654,0.5089100146328684,0.21810429198553155,0.08866882764920354,0.827531124986801,0.7997157372805728,0.25,0.7818957080144344,0.5637914160289029,0.4910899853671316,0.4910899853671316,0.31824642334533704,0.21810429198553155,-0.0,-0.164974404512049,-0.41679944392731616
8,360,8,False,0.42870735977742946,0.5089100146328684,0.2181042919855315,0.08406978812200305,0.8373880016601349,0.7128244586279479,0.25,0.7818957080144344,0.5637914160289029,0.4910899853671316,0.4910899853671316,0.31824642334533704,0.1417726800482577,0.1417726800482577,0.021902424124865826,-0.8425141857127851
8,432,7,True,0.4109857747713973,0.5089100146328684,0.2181042919855315,0.08406978812200305,0.8373880016601349,0.5710517785796901,0.25,0.7818957080144344,0.5637914160289029,0.4910899853671316,0.4910899853671316,0.31824642334533704,0.1417726800482577,-0.0,-0.48067038378741006,-0.11927187556863741
8,360,8,False,0.46030802918172364,0.5089100146328684,0.21810429198553155,0.09246163290876719,0.8173322638303077,0.8367771094102847,0.25,0.7818957080144344,0.5637914160289029,0.4910899853671316,0.4910899853671316,0.4183885547051424,0.21810429198553155,0.21810429198553155,1.088321726677332,-1.70997304976802
8,432,7,True,0.4330449926835322,0.5089100146328684,0.21810429198553155,0.09246163290876719,0.8173322638303077,0.6543128759565946,0.25,0.7818957080144344,0.5637914160289029,0.4910899853671316,0.4910899853671316,0.4183885547051424,0.21810429198553155,-0.0,0.3151594615386857,-0.5973309530377047
8,288,8,False,0.485343562021675,0.5089100146328684,0.21810429198553155,0.09246163290876719,0.8173322638303077,0.5816114452950414,0.25,0.7818957080144344,0.5637914160289029,0.4910899853671316,0.4910899853671316,0.4183885547051424,0.4183885547051424,0.21810429198553155,1.916667085146509,-2.490646851291369
8,384,8,False,0.4387025839289993,0.681753576654663,0.21810429198553155,0.08866882764920354,0.827531124986801,0.6364928466911096,0.25,0.7818957080144344,0.5637914160289029,0.4910899853671316,0.31824642334533704,0.31824642334533704,0.31824642334533704,0.21810429198553155,0.1208372616933754,-2.1585889206462907
8,384,8,False,0.42916113243684006,0.681753576654663,0.2181042919855315,0.08406978812200304,0.8373880016601349,0.629563361251479,0.25,0.7818957080144344,0.5637914160289029,0.4910899853671316,0.31824642334533704,0.31824642334533704,0.31824642334533704,0.1417726800482577,-0.14975219553299499,-1.769189134060123
8,480,8,False,0.4261848175090236,0.681753576654663,0.21810429198553155,0.08866882764920354,0.827531124986801,0.8367771094107206,0.25,0.7818957080144344,0.5637914160289029,0.4910899853671316,0.31824642334533704,0.31824642334533704,0.21810429198553155,0.21810429198553155,-0.2933354175412134,-1.7682520198846157
8,576,7,True,0.3989217810108322,0.681753576654663,0.21810429198553155,0.08866882764920354,0.827531124986801,0.8545971386766411,0.25,0.7818957080144344,0.5637914160289029,0.4910899853671316,0.31824642334533704,0.31824642334533704,0.21810429198553155,-0.0,-1.0664976826798596,-0.6556099231543004
8,480,8,False,0.4071019145247051,0.681753576654663,0.2181042919855315,0.08406978812200304,0.8373880016601349,0.9131087213479944,0.25,0.7818957080144344,0.5637914160289029,0.4910899853671316,0.31824642334533704,0.31824642334533704,0.1417726800482577,0.1417726800482577,-0.8796208540429448,-1.0813246649397694
8,576,7,True,0.38938032951867296,0.681753576654663,0.2181042919855315,0.08406978812200304,0.8373880016601349,0.7713360412997368,0.25,0.7818957080144344,0.5637914160289029,0.4910899853671316,0.31824642334533704,0.31824642334533704,0.1417726800482577,-0.0,-1.3821936619552206,-0.35808235479562156
8,600,8,False,0.41366705108904794,0.681753576654663,0.21810429198553155,0.08866882764920354,0.827531124986801,0.6364928466911095,0.25,0.7818957080144344,0.5637914160289029,0.4910899853671316,0.31824642334533704,0.21810429198553155,0.21810429198553155,0.21810429198553155,-0.7734692835919486,-1.587720510774227
8,720,7,True,0.3864040145908565,0.681753576654663,0.21810429198553155,0.08866882764920354,0.827531124986801,0.8545971386766411,0.25,0.7818957080144344,0.5637914160289029,0.4910899853671316,0.31824642334533704,0.21810429198553155,0.21810429198553155,-0.0,-1.5466315487305948,-0.4750784140439117
8,864,6,True,0.35914097809266504,0.681753576654663,0.21810429198553155,0.08866882764920354,0.827531124986801,0.6543128759570301,0.25,0.7818957080144344,0.5637914160289029,0.4910899853671316,0.31824642334533704,0.21810429198553155,-0.0,-0.0,-2.4486778477018984,0.3750548138037074
8,600,8,False,0.38504269661257023,0.681753576654663,0.2181042919855315,0.08406978812200304,0.8373880016601349,0.5674215973044052,0.25,0.7818957080144344,0.5637914160289029,0.4910899853671316,0.31824642334533704,0.1417726800482577,0.1417726800482577,0.1417726800482577,-1.7257284760311125,-0.7631861276111291
8,720,7,True,0.367321111606538,0.681753576654663,0.2181042919855315,0.08406978812200304,0.8373880016601349,0.7091942773526629,0.25,0.7818957080144344,0.5637914160289029,0.4910899853671316,0.31824642334533704,0.1417726800482577,0.1417726800482577,-0.0,-2.2283012839433884,-0.03994381746698141
8,864,6,True,0.3495995266005058,0.681753576654663,0.2181042919855315,0.08406978812200304,0.8373880016601349,0.4256489172561476,0.25,0.7818957080144344,0.5637914160289029,0.4910899853671316,0.31824642334533704,0.1417726800482577,-0.0,-0.0,-2.814651603639331,0.512661842021959
8,600,8,False,0.4261848175090236,0.5816114452948575,0.21810429198553155,0.09246163290876719,0.8173322638303077,0.6913742480867422,0.25,0.7818957080144344,0.5637914160289029,0.4910899853671316,0.4183885547051424,0.21810429198553155,0.21810429198553155,0.21810429198553155,-0.2511445785802606,-1.4493584560866988
8,720,7,True,0.3989217810108322,0.5816114452948575,0.21810429198553155,0.09246163290876719,0.8173322638303077,0.9094785400722738,0.25,0.7818957080144344,0.5637914160289029,0.4910899853671316,0.4183885547051424,0.21810429198553155,0.21810429198553155,-0.0,-1.024306843718907,-0.33671635935638344
8,864,6,True,0.37165874451264075,0.5816114452948575,0.21810429198553155,0.09246163290876719,0.8173322638303077,0.508910014633052,0.25,0.7818957080144344,0.5637914160289029,0.4910899853671316,0.4183885547051424,0.21810429198553155,-0.0,-0.0,-1.9263531426902105,0.5134168684912357
8,480,8,False,0.451220350348975,0.5816114452948575,0.21810429198553155,0.09246163290876719,0.8173322638303077,0.8367771094107206,0.25,0.7818957080144344,0.5637914160289029,0.4910899853671316,0.4183885547051424,0.4183885547051424,0.21810429198553155,0.21810429198553155,0.7091231535212094,-1.8104214743074758
8,576,7,True,0.42395731385078356,0.5816114452948575,0.21810429198553155,0.09246163290876719,0.8173322638303077,0.6543128759570304,0.25,0.7818957080144344,0.5637914160289029,0.4910899853671316,0.4183885547051424,0.4183885547051424,0.21810429198553155,-0.0,-0.06403911161743693,-0.6977793775771606
8,384,8,False,0.4762558831889263,0.5816114452948575,0.21810429198553155,0.09246163290876719,0.8173322638303077,0.4362085839714988,0.25,0.7818957080144344,0.5637914160289029,0.4910899853671316,0.4183885547051424,0.4183885547051424,0.4183885547051424,0.21810429198553155,1.5374685119903864,-2.591095275830825
